strategy,symbol,isin,signal_date,entry_date,entry_price,exit_date,exit_price,side,gross_return,estimated_cost,net_return,capital_before,pnl,capital_after,date,series,open,high,low,close,last_price,previous_close,volume,traded_value,circuit_like_flag,scaled_modeled_notional,scaled_notional_div_daily_value,research_notional_div_daily_value,one_paise_fraction_of_entry,official_close_differs_from_last,eligible_same_day_intraday_by_series
gap_fade_050,SITINET,INE965H01011,2025-08-20,2025-08-20,0.52,2025-08-20,0.51,SHORT,0.019230769230769273,0.002,0.01723076923076927,100000.0,1723.0769230769365,101723.07692307694,2025-08-20,BZ,0.52,0.52,0.5,0.51,0.52,0.51,360822,184895.71,False,1000.0,0.005408454311892905,0.5408454311892905,0.019230769230769232,True,False
gap_fade_050,SITINET,INE965H01011,2025-08-21,2025-08-21,0.52,2025-08-21,0.51,SHORT,0.019230769230769273,0.002,0.01723076923076927,101723.07692307694,1752.76686390533,103475.84378698227,2025-08-21,BZ,0.52,0.52,0.5,0.51,0.5,0.51,565689,286847.81,False,1017.2307692307694,0.0035462385758872252,0.3546238575887225,0.019230769230769232,True,False
gap_fade_050,SITINET,INE965H01011,2025-08-22,2025-08-22,0.5,2025-08-22,0.5,LONG,0.0,0.002,-0.002,103475.84378698227,-206.9516875739646,103268.8920994083,2025-08-22,BZ,0.5,0.51,0.49,0.5,0.51,0.51,226475,113568.71,False,1034.7584378698227,0.009111298683148049,0.9111298683148048,0.02,True,False
gap_fade_050,SITINET,INE965H01011,2025-08-25,2025-08-25,0.49,2025-08-25,0.49,LONG,0.0,0.002,-0.002,103268.8920994083,-206.53778419880837,103062.3543152095,2025-08-25,BZ,0.49,0.5,0.49,0.49,0.5,0.5,425464,209542.68,False,1032.688920994083,0.004928298716968224,0.49282987169682235,0.020408163265306124,True,False
gap_fade_050,SITINET,INE965H01011,2025-08-26,2025-08-26,0.48,2025-08-26,0.49,LONG,0.02083333333333326,0.002,0.018833333333333258,103062.3543152095,1941.0076729364373,105003.36198814593,2025-08-26,BZ,0.48,0.5,0.48,0.49,0.5,0.49,150984,74709.03,False,1030.623543152095,0.013795166971811774,1.3795166971811774,0.020833333333333336,True,False
gap_fade_050,SITINET,INE965H01011,2025-08-28,2025-08-28,0.48,2025-08-28,0.49,LONG,0.02083333333333326,0.002,0.018833333333333258,105003.36198814593,1977.5633174434042,106980.92530558934,2025-08-28,BZ,0.48,0.5,0.48,0.49,0.5,0.49,160361,78333.81,False,1050.0336198814593,0.013404602940690097,1.3404602940690098,0.020833333333333336,True,False
gap_fade_050,SITINET,INE965H01011,2025-08-29,2025-08-29,0.5,2025-08-29,0.5,SHORT,-0.0,0.002,-0.002,106980.92530558934,-213.96185061117285,106766.96345497816,2025-08-29,BZ,0.5,0.5,0.49,0.5,0.5,0.49,165828,82096.79,False,1069.8092530558934,0.013031072872104907,1.3031072872104907,0.02,False,False
gap_fade_050,SITINET,INE965H01011,2025-09-01,2025-09-01,0.51,2025-09-01,0.49,SHORT,0.03921568627450989,0.002,0.037215686274509885,106766.96345497816,3973.405816422528,110740.36927140069,2025-09-01,BZ,0.51,0.51,0.49,0.49,0.51,0.5,287095,145093.73,False,1067.6696345497817,0.00735848223455129,0.735848223455129,0.0196078431372549,True,False
gap_fade_050,SITINET,INE965H01011,2025-09-03,2025-09-03,0.5,2025-09-03,0.5,SHORT,-0.0,0.002,-0.002,110740.36927140069,-221.48073854279937,110518.88853285789,2025-09-03,BZ,0.5,0.5,0.49,0.5,0.5,0.49,149844,74827.69,False,1107.4036927140069,0.014799383660166535,1.4799383660166536,0.02,False,False
gap_fade_050,SITINET,INE965H01011,2025-09-04,2025-09-04,0.51,2025-09-04,0.5,SHORT,0.019607843137254943,0.002,0.01760784313725494,110518.88853285789,1945.9992529903247,112464.88778584822,2025-09-04,BZ,0.51,0.51,0.5,0.5,0.5,0.5,55168,27758.64,False,1105.1888853285789,0.03981423028392525,3.9814230283925256,0.0196078431372549,False,False
gap_fade_050,SITINET,INE965H01011,2025-09-08,2025-09-08,0.51,2025-09-08,0.5,SHORT,0.019607843137254943,0.002,0.01760784313725494,112464.88778584822,1980.2641025822086,114445.15188843042,2025-09-08,BZ,0.51,0.51,0.5,0.5,0.51,0.5,364151,183773.85,False,1124.6488778584821,0.006119743793028672,0.6119743793028671,0.0196078431372549,True,False
gap_fade_050,SITINET,INE965H01011,2025-09-10,2025-09-10,0.49,2025-09-10,0.5,LONG,0.020408163265306145,0.002,0.018408163265306143,114445.15188843042,2106.725040884994,116551.87692931542,2025-09-10,BZ,0.49,0.51,0.49,0.5,0.51,0.5,260240,128989.46,False,1144.4515188843043,0.008872442127320359,0.8872442127320358,0.020408163265306124,True,False
gap_fade_050,SITINET,INE965H01011,2025-09-12,2025-09-12,0.48,2025-09-12,0.49,LONG,0.02083333333333326,0.002,0.018833333333333258,116551.87692931542,2195.0603488354245,118746.93727815084,2025-09-12,BZ,0.48,0.5,0.48,0.49,0.49,0.49,231604,114600.29,False,1165.5187692931543,0.010170295112631515,1.0170295112631516,0.020833333333333336,False,False
gap_fade_050,SITINET,INE965H01011,2025-09-15,2025-09-15,0.5,2025-09-15,0.49,SHORT,0.020000000000000018,0.002,0.018000000000000016,118746.93727815084,2137.444871006708,120884.38214915755,2025-09-15,BZ,0.5,0.5,0.48,0.49,0.49,0.49,429778,211059.81,False,1187.4693727815084,0.0056262221252900224,0.5626222125290022,0.02,False,False
gap_fade_050,SITINET,INE965H01011,2025-09-16,2025-09-16,0.5,2025-09-16,0.49,SHORT,0.020000000000000018,0.002,0.018000000000000016,120884.38214915755,2175.9188786848536,123060.3010278424,2025-09-16,BZ,0.5,0.5,0.49,0.49,0.5,0.49,771258,382743.6,False,1208.8438214915755,0.0031583645591763665,0.31583645591763665,0.02,True,False
gap_fade_050,SITINET,INE965H01011,2025-09-18,2025-09-18,0.48,2025-09-18,0.49,LONG,0.02083333333333326,0.002,0.018833333333333258,123060.3010278424,2317.6356693576963,125377.9366972001,2025-09-18,BZ,0.48,0.5,0.48,0.49,0.49,0.49,215278,105449.33,False,1230.603010278424,0.011670088470722612,1.1670088470722613,0.020833333333333336,False,False
gap_fade_050,SITINET,INE965H01011,2025-09-19,2025-09-19,0.48,2025-09-19,0.49,LONG,0.02083333333333326,0.002,0.018833333333333258,125377.9366972001,2361.2844744639297,127739.22117166403,2025-09-19,BZ,0.48,0.5,0.48,0.49,0.49,0.49,198515,96403.76,False,1253.779366972001,0.013005502762257417,1.3005502762257417,0.020833333333333336,False,False
gap_fade_050,SITINET,INE965H01011,2025-09-23,2025-09-23,0.5,2025-09-23,0.49,SHORT,0.020000000000000018,0.002,0.018000000000000016,127739.22117166403,2299.3059810899576,130038.52715275399,2025-09-23,BZ,0.5,0.5,0.48,0.49,0.5,0.49,796312,386808.68,False,1277.3922117166403,0.0033023876602682246,0.33023876602682245,0.02,True,False
gap_fade_050,SITINET,INE965H01011,2025-09-24,2025-09-24,0.5,2025-09-24,0.49,SHORT,0.020000000000000018,0.002,0.018000000000000016,130038.52715275399,2340.693488749559,132379.22064150355,2025-09-24,BZ,0.5,0.5,0.48,0.49,0.5,0.49,367332,181202.91,False,1300.38527152754,0.007176403908345291,0.717640390834529,0.02,True,False
gap_fade_050,SITINET,INE965H01011,2025-09-25,2025-09-25,0.5,2025-09-25,0.48,SHORT,0.040000000000000036,0.002,0.038000000000000034,132379.22064150355,5030.410384377174,137409.63102588072,2025-09-25,BZ,0.5,0.5,0.48,0.48,0.5,0.49,198051,95529.15,False,1323.7922064150355,0.013857468703689247,1.3857468703689246,0.02,True,False
gap_fade_050,SITINET,INE965H01011,2025-09-26,2025-09-26,0.49,2025-09-26,0.48,SHORT,0.020408163265306145,0.002,0.018408163265306143,137409.63102588072,2529.4589221498754,139939.0899480306,2025-09-26,BZ,0.49,0.49,0.48,0.48,0.48,0.48,450528,216729.16,False,1374.0963102588073,0.006340154274850728,0.6340154274850727,0.020408163265306124,False,False
gap_fade_050,SITINET,INE965H01011,2025-10-01,2025-10-01,0.47,2025-10-01,0.47,SHORT,-0.0,0.002,-0.002,139939.0899480306,-279.8781798960699,139659.21176813453,2025-10-01,BZ,0.47,0.47,0.46,0.47,0.47,0.46,216424,100625.01,False,1399.390899480306,0.013906988923333335,1.3906988923333334,0.021276595744680854,False,False
gap_fade_050,SITINET,INE965H01011,2025-10-03,2025-10-03,0.46,2025-10-03,0.47,LONG,0.021739130434782483,0.002,0.01973913043478248,139659.21176813453,2756.7513975101465,142415.96316564467,2025-10-03,BZ,0.46,0.48,0.46,0.47,0.47,0.47,389275,185327.3,False,1396.5921176813454,0.007535814300868493,0.7535814300868492,0.021739130434782608,False,False
gap_fade_050,SITINET,INE965H01011,2025-10-16,2025-10-16,0.47,2025-10-16,0.46,SHORT,0.02127659574468077,0.002,0.01927659574468077,142415.96316564467,2745.294949533476,145161.25811517815,2025-10-16,BZ,0.47,0.47,0.46,0.46,0.47,0.46,374449,173315.99,False,1424.1596316564467,0.008217127754089204,0.8217127754089203,0.021276595744680854,True,False
gap_fade_050,SITINET,INE965H01011,2025-10-17,2025-10-17,0.47,2025-10-17,0.46,SHORT,0.02127659574468077,0.002,0.01927659574468077,145161.25811517815,2798.2148904755595,147959.4730056537,2025-10-17,BZ,0.47,0.47,0.45,0.46,0.47,0.46,283276,131987.79,False,1451.6125811517813,0.010998082331341264,1.0998082331341266,0.021276595744680854,True,False
gap_fade_050,SITINET,INE965H01011,2025-10-23,2025-10-23,0.45,2025-10-23,0.45,LONG,0.0,0.002,-0.002,147959.4730056537,-295.9189460113121,147663.5540596424,2025-10-23,BZ,0.45,0.47,0.45,0.45,0.45,0.46,982234,445779.84,False,1479.5947300565372,0.003319115395744539,0.33191153957445385,0.022222222222222223,False,False
gap_fade_050,SITINET,INE965H01011,2025-10-28,2025-10-28,0.47,2025-10-28,0.45,SHORT,0.04255319148936165,0.002,0.04055319148936165,147663.5540596424,5988.228383780399,153651.7824434228,2025-10-28,BZ,0.47,0.47,0.45,0.45,0.47,0.46,806004,371987.27,False,1476.635540596424,0.003969586218895136,0.39695862188951353,0.021276595744680854,True,False
gap_fade_050,SITINET,INE965H01011,2025-10-29,2025-10-29,0.46,2025-10-29,0.44,SHORT,0.0434782608695653,0.002,0.0414782608695653,153651.7824434228,6373.208715261979,160024.99115868477,2025-10-29,BZ,0.46,0.46,0.44,0.44,0.45,0.45,743856,331527.69,False,1536.517824434228,0.004634659097206113,0.46346590972061125,0.021739130434782608,True,False
gap_fade_050,SITINET,INE965H01011,2025-10-30,2025-10-30,0.45,2025-10-30,0.44,SHORT,0.022222222222222254,0.002,0.020222222222222253,160024.99115868477,3236.060932320077,163261.05209100485,2025-10-30,BZ,0.45,0.45,0.44,0.44,0.45,0.44,731662,326147.86,False,1600.2499115868477,0.004906516668810422,0.49065166688104217,0.022222222222222223,True,False
gap_fade_050,SITINET,INE965H01011,2025-10-31,2025-10-31,0.45,2025-10-31,0.44,SHORT,0.022222222222222254,0.002,0.020222222222222253,163261.05209100485,3301.501275618124,166562.55336662297,2025-10-31,BZ,0.45,0.45,0.43,0.44,0.45,0.44,627541,278056.94,False,1632.6105209100485,0.005871497114619936,0.5871497114619936,0.022222222222222223,True,False
gap_fade_050,SITINET,INE965H01011,2025-11-03,2025-11-03,0.43,2025-11-03,0.44,LONG,0.023255813953488413,0.002,0.02125581395348841,166562.55336662297,3540.4226459789206,170102.9760126019,2025-11-03,BZ,0.43,0.45,0.43,0.44,0.45,0.44,536060,236878.33,False,1665.6255336662298,0.007031565671989624,0.7031565671989624,0.023255813953488372,True,False
gap_fade_050,SITINET,INE965H01011,2025-11-04,2025-11-04,0.45,2025-11-04,0.43,SHORT,0.04444444444444451,0.002,0.04244444444444451,170102.9760126019,7219.926315201563,177322.90232780346,2025-11-04,BZ,0.45,0.45,0.43,0.43,0.45,0.44,900098,399682.74,False,1701.0297601260188,0.004255950007063149,0.42559500070631495,0.022222222222222223,True,False
gap_fade_050,SITINET,INE965H01011,2025-11-10,2025-11-10,0.44,2025-11-10,0.42,SHORT,0.045454545454545525,0.002,0.04345454545454552,177322.90232780346,7705.486119335488,185028.38844713895,2025-11-10,BZ,0.44,0.44,0.42,0.42,0.43,0.43,1169056,493866.72,False,1773.2290232780347,0.003590501144272355,0.3590501144272355,0.022727272727272728,True,False
gap_fade_050,SITINET,INE965H01011,2025-11-11,2025-11-11,0.43,2025-11-11,0.41,SHORT,0.04651162790697683,0.002,0.044511627906976825,185028.38844713895,8235.914778786624,193264.30322592557,2025-11-11,BZ,0.43,0.43,0.41,0.41,0.41,0.42,1025739,422748.56,False,1850.2838844713895,0.004376795238454247,0.4376795238454247,0.023255813953488372,False,False
gap_fade_050,SITINET,INE965H01011,2025-11-12,2025-11-12,0.4,2025-11-12,0.41,LONG,0.02499999999999991,0.002,0.02299999999999991,193264.30322592557,4445.078974196251,197709.38220012182,2025-11-12,BZ,0.4,0.42,0.4,0.41,0.41,0.41,503350,205718.7,False,1932.6430322592557,0.009394590925663323,0.9394590925663324,0.024999999999999998,False,False
gap_fade_050,SITINET,INE965H01011,2025-11-13,2025-11-13,0.42,2025-11-13,0.41,SHORT,0.023809523809523836,0.002,0.021809523809523834,197709.38220012182,4311.947478459828,202021.32967858165,2025-11-13,BZ,0.42,0.42,0.4,0.41,0.42,0.41,268367,111500.35,False,1977.093822001218,0.01773172749683044,1.773172749683044,0.02380952380952381,True,False
gap_fade_050,SITINET,INE965H01011,2025-11-17,2025-11-17,0.43,2025-11-17,0.43,SHORT,-0.0,0.002,-0.002,202021.32967858165,-404.04265935719013,201617.28701922446,2025-11-17,BZ,0.43,0.43,0.41,0.43,0.43,0.42,828602,353146.77,False,2020.2132967858165,0.005720605335809291,0.5720605335809291,0.023255813953488372,False,False
gap_fade_050,SITINET,INE965H01011,2025-11-18,2025-11-18,0.44,2025-11-18,0.42,SHORT,0.045454545454545525,0.002,0.04345454545454552,201617.28701922446,8761.187563199084,210378.47458242354,2025-11-18,BZ,0.44,0.44,0.42,0.42,0.44,0.43,828278,359157.1,False,2016.1728701922445,0.005613623871537677,0.5613623871537677,0.022727272727272728,True,False
gap_fade_050,SITINET,INE965H01011,2025-11-19,2025-11-19,0.43,2025-11-19,0.41,SHORT,0.04651162790697683,0.002,0.044511627906976825,210378.47458242354,9364.288380250218,219742.76296267376,2025-11-19,BZ,0.43,0.43,0.41,0.41,0.42,0.42,978582,404191.31,False,2103.7847458242354,0.005204923247420226,0.5204923247420227,0.023255813953488372,True,False
gap_fade_050,SITINET,INE965H01011,2025-11-20,2025-11-20,0.42,2025-11-20,0.4,SHORT,0.04761904761904756,0.002,0.04561904761904756,219742.76296267376,10024.455567535333,229767.2185302091,2025-11-20,BZ,0.42,0.42,0.4,0.4,0.41,0.41,1506767,603799.22,False,2197.4276296267376,0.003639334992229267,0.3639334992229267,0.02380952380952381,True,False
gap_fade_050,SITINET,INE965H01011,2025-11-27,2025-11-27,0.38,2025-11-27,0.36,SHORT,0.052631578947368474,0.002,0.05063157894736847,229767.2185302091,11633.477064529521,241400.69559473862,2025-11-27,BZ,0.38,0.38,0.36,0.36,0.36,0.37,1859716,678127.35,False,2297.672185302091,0.0033882606051829217,0.33882606051829217,0.02631578947368421,False,False
gap_fade_050,SITINET,INE965H01011,2025-12-02,2025-12-02,0.34,2025-12-02,0.34,LONG,0.0,0.002,-0.002,241400.69559473862,-482.80139118945226,240917.89420354916,2025-12-02,BZ,0.34,0.35,0.34,0.34,0.35,0.35,960188,329753.79,False,2414.006955947386,0.007320634452593816,0.7320634452593816,0.029411764705882353,True,False
gap_fade_050,SITINET,INE965H01011,2025-12-05,2025-12-05,0.31,2025-12-05,0.33,LONG,0.06451612903225823,0.002,0.06251612903225823,240917.89420354916,15061.254160209006,255979.14836375817,2025-12-05,BZ,0.31,0.33,0.31,0.33,0.33,0.32,892724,288790.37,False,2409.1789420354917,0.008342310521072748,0.8342310521072748,0.03225806451612903,False,False
gap_fade_050,SITINET,INE965H01011,2025-12-08,2025-12-08,0.34,2025-12-08,0.34,SHORT,-0.0,0.002,-0.002,255979.14836375817,-511.9582967275055,255467.19006703066,2025-12-08,BZ,0.34,0.34,0.33,0.34,0.34,0.33,551840,186666.48,False,2559.7914836375817,0.013713182375526562,1.3713182375526562,0.029411764705882353,False,False
gap_fade_050,SITINET,INE965H01011,2025-12-09,2025-12-09,0.35,2025-12-09,0.35,SHORT,-0.0,0.002,-0.002,255467.19006703066,-510.93438013407285,254956.2556868966,2025-12-09,BZ,0.35,0.35,0.34,0.35,0.35,0.34,619702,216726.5,False,2554.6719006703065,0.01178753821369471,1.178753821369471,0.028571428571428574,False,False
gap_fade_050,SITINET,INE965H01011,2025-12-10,2025-12-10,0.36,2025-12-10,0.36,SHORT,-0.0,0.002,-0.002,254956.2556868966,-509.91251137381187,254446.34317552278,2025-12-10,BZ,0.36,0.36,0.35,0.36,0.36,0.35,306301,110045.2,False,2549.562556868966,0.023168321352216782,2.316832135221678,0.02777777777777778,False,False
gap_fade_050,SITINET,INE965H01011,2025-12-12,2025-12-12,0.38,2025-12-12,0.38,SHORT,-0.0,0.002,-0.002,254446.34317552278,-508.8926863510569,253937.45048917172,2025-12-12,BZ,0.38,0.38,0.38,0.38,0.38,0.37,329645,125265.1,True,2544.4634317552277,0.020312628431663947,2.031262843166395,0.02631578947368421,False,False
gap_fade_050,SITINET,INE965H01011,2025-12-15,2025-12-15,0.39,2025-12-15,0.39,SHORT,-0.0,0.002,-0.002,253937.45048917172,-507.8749009783205,253429.5755881934,2025-12-15,BZ,0.39,0.39,0.39,0.39,0.39,0.38,412498,160874.22,True,2539.374504891717,0.01578484423975275,1.5784844239752753,0.02564102564102564,False,False
gap_fade_050,SITINET,INE965H01011,2025-12-16,2025-12-16,0.4,2025-12-16,0.4,SHORT,-0.0,0.002,-0.002,253429.5755881934,-506.8591511764098,252922.716437017,2025-12-16,BZ,0.4,0.4,0.4,0.4,0.4,0.39,467421,186968.4,True,2534.2957558819344,0.0135546742437863,1.3554674243786298,0.024999999999999998,False,False
gap_fade_050,SITINET,INE965H01011,2025-12-17,2025-12-17,0.41,2025-12-17,0.4,SHORT,0.024390243902438935,0.002,0.022390243902438933,252922.716437017,5663.001309492189,258585.71774650918,2025-12-17,BZ,0.41,0.41,0.4,0.4,0.41,0.4,858635,349438.53,False,2529.22716437017,0.007237974485441459,0.7237974485441458,0.024390243902439025,True,False
gap_fade_050,SITINET,INE965H01011,2025-12-18,2025-12-18,0.41,2025-12-18,0.39,SHORT,0.04878048780487798,0.002,0.04678048780487798,258585.71774650918,12096.766015556175,270682.48376206536,2025-12-18,BZ,0.41,0.41,0.39,0.39,0.4,0.4,655718,258531.07,False,2585.857177465092,0.010002113778684672,1.0002113778684674,0.024390243902439025,True,False
gap_fade_050,SITINET,INE965H01011,2025-12-19,2025-12-19,0.38,2025-12-19,0.39,LONG,0.026315789473684292,0.002,0.02431578947368429,270682.48376206536,6581.858289372351,277264.3420514377,2025-12-19,BZ,0.38,0.4,0.38,0.39,0.4,0.39,997241,394701.7,False,2706.8248376206534,0.006857900124627417,0.6857900124627417,0.02631578947368421,True,False
gap_fade_050,SITINET,INE965H01011,2025-12-22,2025-12-22,0.4,2025-12-22,0.38,SHORT,0.050000000000000044,0.002,0.04800000000000004,277264.3420514377,13308.688418469043,290573.03046990675,2025-12-22,BZ,0.4,0.4,0.38,0.38,0.4,0.39,681887,267754.56,False,2772.6434205143773,0.01035516788402923,1.0355167884029228,0.024999999999999998,True,False
gap_fade_050,SITINET,INE965H01011,2025-12-23,2025-12-23,0.39,2025-12-23,0.39,SHORT,-0.0,0.002,-0.002,290573.03046990675,-581.14606093982,289991.88440896693,2025-12-23,BZ,0.39,0.39,0.38,0.39,0.39,0.38,413679,160123.03,False,2905.7303046990673,0.01814686060274445,1.814686060274445,0.02564102564102564,False,False
gap_fade_050,SITINET,INE965H01011,2025-12-24,2025-12-24,0.4,2025-12-24,0.39,SHORT,0.025000000000000022,0.002,0.02300000000000002,289991.88440896693,6669.813341406232,296661.69775037316,2025-12-24,BZ,0.4,0.4,0.39,0.39,0.4,0.39,1068651,421675.21,False,2899.9188440896696,0.006877138554314515,0.6877138554314514,0.024999999999999998,True,False
gap_fade_050,SITINET,INE965H01011,2025-12-26,2025-12-26,0.4,2025-12-26,0.38,SHORT,0.050000000000000044,0.002,0.04800000000000004,296661.69775037316,14239.761492017948,310901.4592423911,2025-12-26,BZ,0.4,0.4,0.38,0.38,0.4,0.39,694458,268328.87,False,2966.616977503732,0.011055899342861362,1.1055899342861362,0.024999999999999998,True,False
gap_fade_050,SITINET,INE965H01011,2025-12-31,2025-12-31,0.36,2025-12-31,0.37,LONG,0.0277777777777779,0.002,0.0257777777777779,310901.4592423911,8014.3487271372,318915.8079695283,2025-12-31,BZ,0.36,0.38,0.36,0.37,0.38,0.37,678655,248534.72,False,3109.014592423911,0.012509377331360025,1.2509377331360025,0.02777777777777778,True,False
gap_fade_050,SITINET,INE965H01011,2026-01-01,2026-01-01,0.36,2026-01-01,0.36,LONG,0.0,0.002,-0.002,318915.8079695283,-637.8316159390379,318277.97635358927,2026-01-01,BZ,0.36,0.38,0.36,0.36,0.37,0.37,928701,346692.39,False,3189.158079695283,0.009198811891127125,0.9198811891127125,0.02777777777777778,True,False
gap_fade_050,SITINET,INE965H01011,2026-01-06,2026-01-06,0.38,2026-01-06,0.38,SHORT,-0.0,0.002,-0.002,318277.97635358927,-636.5559527071891,317641.4204008821,2026-01-06,BZ,0.38,0.38,0.37,0.38,0.38,0.37,442168,167384.93,False,3182.779763535893,0.019014733067880683,1.901473306788068,0.02631578947368421,False,False
gap_fade_050,SITINET,INE965H01011,2026-01-09,2026-01-09,0.39,2026-01-09,0.38,SHORT,0.02564102564102566,0.002,0.02364102564102566,317641.4204008821,7509.368964349094,325150.7893652312,2026-01-09,BZ,0.39,0.39,0.37,0.38,0.39,0.38,301082,115107.54,False,3176.4142040088204,0.027595187978205604,2.7595187978205606,0.02564102564102564,True,False
gap_fade_050,SITINET,INE965H01011,2026-01-12,2026-01-12,0.37,2026-01-12,0.37,LONG,0.0,0.002,-0.002,325150.7893652312,-650.3015787304612,324500.4877865007,2026-01-12,BZ,0.37,0.39,0.37,0.37,0.38,0.38,699862,262126.48,False,3251.5078936523114,0.012404347296970193,1.2404347296970195,0.02702702702702703,True,False
gap_fade_050,SITINET,INE965H01011,2026-01-13,2026-01-13,0.36,2026-01-13,0.36,LONG,0.0,0.002,-0.002,324500.4877865007,-649.0009755729698,323851.48681092774,2026-01-13,BZ,0.36,0.37,0.36,0.36,0.37,0.37,514627,185722.48,False,3245.004877865007,0.01747233225544375,1.7472332255443752,0.02777777777777778,True,False
gap_fade_050,SITINET,INE965H01011,2026-01-14,2026-01-14,0.37,2026-01-14,0.36,SHORT,0.027027027027027084,0.002,0.025027027027027082,323851.48681092774,8105.03991315997,331956.5267240877,2026-01-14,BZ,0.37,0.37,0.35,0.36,0.36,0.36,591056,211010.91,False,3238.5148681092774,0.01534761813078422,1.534761813078422,0.02702702702702703,False,False
gap_fade_050,SITINET,INE965H01011,2026-01-19,2026-01-19,0.36,2026-01-19,0.35,SHORT,0.02777777777777779,0.002,0.02577777777777779,331956.5267240877,8557.101577776484,340513.6283018642,2026-01-19,BZ,0.36,0.36,0.34,0.35,0.35,0.35,618755,219492.21,False,3319.5652672408773,0.015123840920098611,1.512384092009861,0.02777777777777778,False,False
gap_fade_050,SITINET,INE965H01011,2026-01-22,2026-01-22,0.33,2026-01-22,0.33,LONG,0.0,0.002,-0.002,340513.6283018642,-681.0272566037602,339832.60104526044,2026-01-22,BZ,0.33,0.34,0.33,0.33,0.34,0.34,1233353,412821.13,False,3405.136283018642,0.008248454440834078,0.8248454440834078,0.030303030303030304,True,False
gap_fade_050,SITINET,INE965H01011,2026-01-23,2026-01-23,0.34,2026-01-23,0.33,SHORT,0.02941176470588236,0.002,0.027411764705882358,339832.60104526044,9315.411299240717,349148.01234450116,2026-01-23,BZ,0.34,0.34,0.32,0.33,0.34,0.33,722475,241132.07,False,3398.3260104526044,0.014093214604148691,1.409321460414869,0.029411764705882353,True,False
gap_fade_050,SITINET,INE965H01011,2026-01-27,2026-01-27,0.34,2026-01-27,0.32,SHORT,0.05882352941176472,0.002,0.05682352941176472,349148.01234450116,19839.82234851696,368987.8346930181,2026-01-27,BZ,0.34,0.34,0.32,0.32,0.32,0.33,776560,254678.38,False,3491.4801234450115,0.013709369925491953,1.3709369925491954,0.029411764705882353,False,False
gap_fade_050,SITINET,INE965H01011,2026-01-28,2026-01-28,0.31,2026-01-28,0.33,LONG,0.06451612903225823,0.002,0.06251612903225823,368987.8346930181,23067.69108500227,392055.5257780204,2026-01-28,BZ,0.31,0.33,0.31,0.33,0.33,0.32,744605,244424.81,False,3689.8783469301816,0.015096169439306025,1.5096169439306022,0.03225806451612903,False,False
gap_fade_050,SITINET,INE965H01011,2026-01-29,2026-01-29,0.34,2026-01-29,0.33,SHORT,0.02941176470588236,0.002,0.027411764705882358,392055.5257780204,10746.93382426817,402802.45960228855,2026-01-29,BZ,0.34,0.34,0.33,0.33,0.34,0.33,689383,234156.83,False,3920.5552577802036,0.016743288068002134,1.6743288068002133,0.029411764705882353,True,False
gap_fade_050,SITINET,INE965H01011,2026-01-30,2026-01-30,0.34,2026-01-30,0.34,SHORT,-0.0,0.002,-0.002,402802.45960228855,-805.6049192046048,401996.85468308395,2026-01-30,BZ,0.34,0.34,0.32,0.34,0.34,0.33,621428,207720.03,False,4028.0245960228854,0.01939160415113981,1.9391604151139807,0.029411764705882353,False,False
gap_fade_050,SITINET,INE965H01011,2026-02-02,2026-02-02,0.35,2026-02-02,0.34,SHORT,0.02857142857142847,0.002,0.026571428571428468,401996.85468308395,10681.630710150464,412678.4853932344,2026-02-02,BZ,0.35,0.35,0.33,0.34,0.35,0.34,575401,197092.9,False,4019.9685468308394,0.020396313346806708,2.0396313346806707,0.028571428571428574,True,False
gap_fade_050,SITINET,INE965H01011,2026-02-03,2026-02-03,0.35,2026-02-03,0.34,SHORT,0.02857142857142847,0.002,0.026571428571428468,412678.4853932344,10965.45689759159,423643.942290826,2026-02-03,BZ,0.35,0.35,0.34,0.34,0.35,0.34,977398,338355.33,False,4126.784853932344,0.01219660069765221,1.2196600697652211,0.028571428571428574,True,False
gap_fade_050,SITINET,INE965H01011,2026-02-04,2026-02-04,0.35,2026-02-04,0.35,SHORT,-0.0,0.002,-0.002,423643.942290826,-847.2878845816595,422796.65440624434,2026-02-04,BZ,0.35,0.35,0.34,0.35,0.35,0.34,416571,143779.53,False,4236.43942290826,0.029464830097220795,2.9464830097220793,0.028571428571428574,False,False
gap_fade_050,SITINET,INE965H01011,2026-02-06,2026-02-06,0.36,2026-02-06,0.35,SHORT,0.02777777777777779,0.002,0.02577777777777779,422796.65440624434,10898.758202472178,433695.4126087165,2026-02-06,BZ,0.36,0.36,0.35,0.35,0.36,0.35,370733,133115.1,False,4227.966544062443,0.031761735100393894,3.1761735100393893,0.02777777777777778,True,False
gap_fade_050,SITINET,INE965H01011,2026-02-10,2026-02-10,0.36,2026-02-10,0.36,SHORT,-0.0,0.002,-0.002,433695.4126087165,-867.3908252174733,432828.02178349905,2026-02-10,BZ,0.36,0.36,0.35,0.36,0.36,0.35,514699,184404.51,False,4336.954126087166,0.02351869878934721,2.3518698789347208,0.02777777777777778,False,False
gap_fade_050,SITINET,INE965H01011,2026-02-11,2026-02-11,0.37,2026-02-11,0.37,SHORT,-0.0,0.002,-0.002,432828.02178349905,-865.6560435669962,431962.36573993205,2026-02-11,BZ,0.37,0.37,0.36,0.37,0.37,0.36,418638,154536.09,False,4328.28021783499,0.028008216189726234,2.8008216189726234,0.02702702702702703,False,False
gap_fade_050,SITINET,INE965H01011,2026-02-13,2026-02-13,0.39,2026-02-13,0.39,SHORT,-0.0,0.002,-0.002,431962.36573993205,-863.9247314798413,431098.4410084522,2026-02-13,BZ,0.39,0.39,0.39,0.39,0.39,0.38,317364,123771.96,True,4319.623657399321,0.03489985661856951,3.489985661856951,0.02564102564102564,False,False
gap_fade_050,SITINET,INE965H01011,2026-02-16,2026-02-16,0.4,2026-02-16,0.39,SHORT,0.025000000000000022,0.002,0.02300000000000002,431098.4410084522,9915.264143194538,441013.70515164675,2026-02-16,BZ,0.4,0.4,0.38,0.39,0.4,0.39,1417428,562840.4,False,4310.984410084522,0.007659337194139798,0.7659337194139798,0.024999999999999998,True,False
gap_fade_050,SITINET,INE965H01011,2026-02-18,2026-02-18,0.41,2026-02-18,0.4,SHORT,0.024390243902438935,0.002,0.022390243902438933,441013.70515164675,9874.404422663618,450888.10957431037,2026-02-18,BZ,0.41,0.41,0.4,0.4,0.41,0.4,504472,206336.2,False,4410.137051516467,0.021373549825558807,2.137354982555881,0.024390243902439025,True,False
gap_fade_050,SITINET,INE965H01011,2026-02-19,2026-02-19,0.39,2026-02-19,0.4,LONG,0.025641025641025772,0.002,0.02364102564102577,450888.10957431037,10659.457359679916,461547.5669339903,2026-02-19,BZ,0.39,0.41,0.39,0.4,0.41,0.4,328226,131448.69,False,4508.881095743103,0.03430145325710818,3.430145325710818,0.02564102564102564,True,False
gap_fade_050,SITINET,INE965H01011,2026-02-20,2026-02-20,0.39,2026-02-20,0.39,LONG,0.0,0.002,-0.002,461547.5669339903,-923.0951338679879,460624.4718001223,2026-02-20,BZ,0.39,0.41,0.39,0.39,0.39,0.4,651298,255691.83,False,4615.475669339903,0.018050931347082553,1.8050931347082553,0.02564102564102564,False,False
gap_fade_050,SITINET,INE965H01011,2026-02-23,2026-02-23,0.38,2026-02-23,0.38,LONG,0.0,0.002,-0.002,460624.4718001223,-921.2489436002215,459703.2228565221,2026-02-23,BZ,0.38,0.39,0.38,0.38,0.38,0.39,309245,117521.15,False,4606.244718001223,0.03919502760142513,3.9195027601425134,0.02631578947368421,False,False
gap_fade_050,SITINET,INE965H01011,2026-02-24,2026-02-24,0.37,2026-02-24,0.37,LONG,0.0,0.002,-0.002,459703.2228565221,-919.4064457130153,458783.81641080906,2026-02-24,BZ,0.37,0.37,0.37,0.37,0.37,0.38,175538,64949.06,True,4597.032228565221,0.07077904173771293,7.077904173771293,0.02702702702702703,False,False
gap_fade_050,SITINET,INE965H01011,2026-02-25,2026-02-25,0.36,2026-02-25,0.36,LONG,0.0,0.002,-0.002,458783.81641080906,-917.5676328216796,457866.2487779874,2026-02-25,BZ,0.36,0.37,0.36,0.36,0.36,0.37,365337,131636.4,False,4587.8381641080905,0.034852352116193475,3.4852352116193477,0.02777777777777778,False,False
gap_fade_050,SITINET,INE965H01011,2026-02-26,2026-02-26,0.35,2026-02-26,0.35,LONG,0.0,0.002,-0.002,457866.2487779874,-915.7324975559604,456950.5162804314,2026-02-26,BZ,0.35,0.37,0.35,0.35,0.36,0.36,445313,158184.24,False,4578.662487779874,0.028945124291647983,2.894512429164798,0.028571428571428574,True,False
gap_fade_050,SITINET,INE965H01011,2026-02-27,2026-02-27,0.36,2026-02-27,0.35,SHORT,0.02777777777777779,0.002,0.02577777777777779,456950.5162804314,11779.168864117877,468729.6851445493,2026-02-27,BZ,0.36,0.36,0.34,0.35,0.36,0.35,424740,147915.13,False,4569.505162804314,0.030892750206177783,3.089275020617779,0.02777777777777778,True,False
gap_fade_050,SITINET,INE965H01011,2026-03-02,2026-03-02,0.34,2026-03-02,0.34,LONG,0.0,0.002,-0.002,468729.6851445493,-937.4593702891143,467792.2257742602,2026-03-02,BZ,0.34,0.34,0.34,0.34,0.34,0.35,414835,141043.9,True,4687.296851445493,0.033232893102399276,3.3232893102399275,0.029411764705882353,False,False
gap_fade_050,SITINET,INE965H01011,2026-03-05,2026-03-05,0.35,2026-03-05,0.33,SHORT,0.05714285714285705,0.002,0.05514285714285705,467792.2257742602,25795.399878409284,493587.62565266946,2026-03-05,BZ,0.35,0.35,0.33,0.33,0.33,0.34,408470,139212.67,False,4677.922257742602,0.03360270482379658,3.360270482379658,0.028571428571428574,False,False
gap_fade_050,SITINET,INE965H01011,2026-03-06,2026-03-06,0.32,2026-03-06,0.34,LONG,0.0625,0.002,0.0605,493587.62565266946,29862.051351986534,523449.677004656,2026-03-06,BZ,0.32,0.34,0.32,0.34,0.34,0.33,127572,42948.28,False,4935.876256526695,0.1149260519053777,11.49260519053777,0.03125,False,False
gap_fade_050,SITINET,INE965H01011,2026-03-10,2026-03-10,0.35,2026-03-10,0.33,SHORT,0.05714285714285705,0.002,0.05514285714285705,523449.677004656,28864.51076054253,552314.1877651985,2026-03-10,BZ,0.35,0.35,0.33,0.33,0.34,0.34,701446,234452.8,False,5234.49677004656,0.022326441697631937,2.2326441697631934,0.028571428571428574,True,False
gap_fade_050,SITINET,INE965H01011,2026-03-11,2026-03-11,0.34,2026-03-11,0.34,SHORT,-0.0,0.002,-0.002,552314.1877651985,-1104.6283755304758,551209.559389668,2026-03-11,BZ,0.34,0.34,0.33,0.34,0.34,0.33,229223,77466.76,False,5523.141877651985,0.07129692629008862,7.129692629008862,0.029411764705882353,False,False
gap_fade_050,SITINET,INE965H01011,2026-03-12,2026-03-12,0.35,2026-03-12,0.34,SHORT,0.02857142857142847,0.002,0.026571428571428468,551209.559389668,14646.42543521116,565855.9848248792,2026-03-12,BZ,0.35,0.35,0.34,0.34,0.35,0.34,270658,93998.42,False,5512.095593896681,0.05864030048480263,5.864030048480262,0.028571428571428574,True,False
gap_fade_050,SITINET,INE965H01011,2026-03-13,2026-03-13,0.35,2026-03-13,0.34,SHORT,0.02857142857142847,0.002,0.026571428571428468,565855.9848248792,15035.601882489515,580891.5867073687,2026-03-13,BZ,0.35,0.35,0.33,0.34,0.34,0.34,411832,140864.91,False,5658.559848248791,0.040170116519783326,4.017011651978333,0.028571428571428574,False,False
gap_fade_050,SITINET,INE965H01011,2026-03-17,2026-03-17,0.32,2026-03-17,0.33,LONG,0.03125,0.002,0.029249999999999998,580891.5867073687,16991.078911190503,597882.6656185592,2026-03-17,BZ,0.32,0.34,0.32,0.33,0.33,0.33,423565,139867.08,False,5808.915867073687,0.04153168756417656,4.153168756417656,0.03125,False,False
gap_fade_050,SITINET,INE965H01011,2026-03-18,2026-03-18,0.34,2026-03-18,0.33,SHORT,0.02941176470588236,0.002,0.027411764705882358,597882.6656185592,16389.01895166177,614271.684570221,2026-03-18,BZ,0.34,0.34,0.32,0.33,0.34,0.33,663976,218203.7,False,5978.826656185593,0.02740020749504061,2.7400207495040605,0.029411764705882353,True,False
gap_fade_050,SITINET,INE965H01011,2026-03-19,2026-03-19,0.34,2026-03-19,0.33,SHORT,0.02941176470588236,0.002,0.027411764705882358,614271.684570221,16838.27088292502,631109.955453146,2026-03-19,BZ,0.34,0.34,0.32,0.33,0.32,0.33,445185,147389.52,False,6142.71684570221,0.04167675453249465,4.167675453249465,0.029411764705882353,True,False
gap_fade_050,SITINET,INE965H01011,2026-03-20,2026-03-20,0.34,2026-03-20,0.32,SHORT,0.05882352941176472,0.002,0.05682352941176472,631109.955453146,35861.895115749445,666971.8505688955,2026-03-20,BZ,0.34,0.34,0.32,0.32,0.33,0.33,750817,242703.82,False,6311.09955453146,0.02600329716496205,2.600329716496205,0.029411764705882353,True,False
gap_fade_050,SITINET,INE965H01011,2026-03-23,2026-03-23,0.33,2026-03-23,0.31,SHORT,0.06060606060606066,0.002,0.05860606060606066,666971.8505688955,39088.5926969772,706060.4432658727,2026-03-23,BZ,0.33,0.33,0.31,0.31,0.32,0.32,427310,137438.06,False,6669.718505688955,0.048528904625756174,4.852890462575617,0.030303030303030304,True,False
gap_fade_050,SITINET,INE965H01011,2026-03-25,2026-03-25,0.33,2026-03-25,0.31,SHORT,0.06060606060606066,0.002,0.05860606060606066,706060.4432658727,41379.42112958175,747439.8643954544,2026-03-25,BZ,0.33,0.33,0.31,0.31,0.33,0.32,917226,295263.83,False,7060.604432658727,0.023912866105742538,2.3912866105742534,0.030303030303030304,True,False
gap_fade_050,SITINET,INE965H01011,2026-03-27,2026-03-27,0.32,2026-03-27,0.3,SHORT,0.0625,0.002,0.0605,747439.8643954544,45220.11179592507,792659.9761913795,2026-03-27,BZ,0.32,0.32,0.3,0.3,0.3,0.31,1912847,590425.36,False,7474.398643954544,0.012659345533454974,1.2659345533454973,0.03125,False,False
gap_fade_050,SITINET,INE965H01011,2026-03-30,2026-03-30,0.29,2026-03-30,0.29,LONG,0.0,0.002,-0.002,792659.9761913795,-1585.3199523828225,791074.6562389967,2026-03-30,BZ,0.29,0.31,0.29,0.29,0.29,0.3,1380205,405466.48,False,7926.599761913794,0.01954933429247664,1.9549334292476643,0.03448275862068966,False,False
gap_fade_050,SITINET,INE965H01011,2026-04-01,2026-04-01,0.28,2026-04-01,0.3,LONG,0.0714285714285714,0.002,0.0694285714285714,791074.6562389967,54923.18327602174,845997.8395150184,2026-04-01,BZ,0.28,0.3,0.28,0.3,0.3,0.29,1100975,318042.05,False,7910.746562389966,0.02487327245686527,2.4873272456865267,0.03571428571428571,False,False
gap_fade_050,SITINET,INE965H01011,2026-04-02,2026-04-02,0.31,2026-04-02,0.3,SHORT,0.032258064516129115,0.002,0.030258064516129113,845997.8395150184,25598.257208551513,871596.0967235699,2026-04-02,BZ,0.31,0.31,0.29,0.3,0.31,0.3,391250,120393.61,False,8459.978395150183,0.0702693306991142,7.026933069911421,0.03225806451612903,True,False
gap_fade_050,SITINET,INE965H01011,2026-04-06,2026-04-06,0.31,2026-04-06,0.3,SHORT,0.032258064516129115,0.002,0.030258064516129113,871596.0967235699,26372.810926668113,897968.907650238,2026-04-06,BZ,0.31,0.31,0.29,0.3,0.31,0.3,311558,95787.55,False,8715.960967235698,0.09099262865827237,9.099262865827239,0.03225806451612903,True,False
gap_fade_050,SITINET,INE965H01011,2026-04-07,2026-04-07,0.31,2026-04-07,0.31,SHORT,-0.0,0.002,-0.002,897968.907650238,-1795.9378153005382,896172.9698349375,2026-04-07,BZ,0.31,0.31,0.3,0.31,0.31,0.3,212946,65951.06,False,8979.68907650238,0.1361568574713186,13.61568574713186,0.03225806451612903,False,False
gap_fade_050,SITINET,INE965H01011,2026-04-08,2026-04-08,0.32,2026-04-08,0.32,SHORT,-0.0,0.002,-0.002,896172.9698349375,-1792.345939669758,894380.6238952677,2026-04-08,BZ,0.32,0.32,0.31,0.32,0.32,0.31,194741,61856.63,False,8961.729698349374,0.14487904850861377,14.48790485086138,0.03125,False,False
gap_fade_050,SITINET,INE965H01011,2026-04-09,2026-04-09,0.33,2026-04-09,0.33,SHORT,-0.0,0.002,-0.002,894380.6238952677,-1788.761247790535,892591.8626474772,2026-04-09,BZ,0.33,0.33,0.33,0.33,0.33,0.32,48270,15929.1,True,8943.806238952677,0.5614759301500195,56.14759301500196,0.030303030303030304,False,False
gap_fade_050,SITINET,INE965H01011,2026-04-10,2026-04-10,0.34,2026-04-10,0.34,SHORT,-0.0,0.002,-0.002,892591.8626474772,-1785.1837252950063,890806.6789221822,2026-04-10,BZ,0.34,0.34,0.34,0.34,0.34,0.33,248019,84326.46,True,8925.918626474771,0.10584955927801037,10.584955927801039,0.029411764705882353,False,False
gap_fade_050,SITINET,INE965H01011,2026-04-13,2026-04-13,0.35,2026-04-13,0.35,SHORT,-0.0,0.002,-0.002,890806.6789221822,-1781.6133578444133,889025.0655643378,2026-04-13,BZ,0.35,0.35,0.33,0.35,0.35,0.34,600742,207305.39,False,8908.066789221823,0.042970743738123846,4.297074373812384,0.028571428571428574,False,False
gap_fade_050,SITINET,INE965H01011,2026-04-15,2026-04-15,0.36,2026-04-15,0.36,SHORT,-0.0,0.002,-0.002,889025.0655643378,-1778.0501311286353,887247.0154332091,2026-04-15,BZ,0.36,0.36,0.36,0.36,0.36,0.35,147134,52968.24,True,8890.250655643378,0.16784115642965253,16.78411564296525,0.02777777777777778,False,False
gap_fade_050,SITINET,INE965H01011,2026-04-16,2026-04-16,0.37,2026-04-16,0.37,SHORT,-0.0,0.002,-0.002,887247.0154332091,-1774.4940308663063,885472.5214023428,2026-04-16,BZ,0.37,0.37,0.37,0.37,0.37,0.36,130839,48410.43,True,8872.470154332092,0.1832760038349606,18.32760038349606,0.02702702702702703,False,False
gap_fade_050,SITINET,INE965H01011,2026-04-17,2026-04-17,0.38,2026-04-17,0.38,SHORT,-0.0,0.002,-0.002,885472.5214023428,-1770.9450428046985,883701.5763595381,2026-04-17,BZ,0.38,0.38,0.36,0.38,0.38,0.37,319673,120886.25,False,8854.725214023429,0.07324840677929399,7.324840677929399,0.02631578947368421,False,False
gap_fade_050,SITINET,INE965H01011,2026-04-20,2026-04-20,0.39,2026-04-20,0.39,SHORT,-0.0,0.002,-0.002,883701.5763595381,-1767.4031527190236,881934.1732068191,2026-04-20,BZ,0.39,0.39,0.39,0.39,0.39,0.38,147397,57484.83,True,8837.01576359538,0.15372778807200752,15.372778807200755,0.02564102564102564,False,False
gap_fade_050,SITINET,INE965H01011,2026-04-21,2026-04-21,0.4,2026-04-21,0.38,SHORT,0.050000000000000044,0.002,0.04800000000000004,881934.1732068191,42332.84031392727,924267.0135207464,2026-04-21,BZ,0.4,0.4,0.38,0.38,0.38,0.39,1329697,523546.06,False,8819.341732068191,0.016845397961868323,1.6845397961868325,0.024999999999999998,False,False
gap_fade_050,SITINET,INE965H01011,2026-04-22,2026-04-22,0.39,2026-04-22,0.38,SHORT,0.02564102564102566,0.002,0.02364102564102566,924267.0135207464,21850.62016579823,946117.6336865446,2026-04-22,BZ,0.39,0.39,0.38,0.38,0.38,0.38,513880,197789.29,False,9242.670135207463,0.046729881760571884,4.6729881760571885,0.02564102564102564,False,False
gap_fade_050,SITINET,INE965H01011,2026-04-23,2026-04-23,0.39,2026-04-23,0.38,SHORT,0.02564102564102566,0.002,0.02364102564102566,946117.6336865446,22367.191237410298,968484.8249239549,2026-04-23,BZ,0.39,0.39,0.38,0.38,0.39,0.38,453501,175511.66,False,9461.176336865447,0.05390625521327441,5.390625521327441,0.02564102564102564,True,False
gap_fade_050,SITINET,INE965H01011,2026-04-24,2026-04-24,0.39,2026-04-24,0.38,SHORT,0.02564102564102566,0.002,0.02364102564102566,968484.8249239549,22895.97457897151,991380.7995029264,2026-04-24,BZ,0.39,0.39,0.38,0.38,0.39,0.38,295576,114275.17,False,9684.848249239549,0.08475024144999783,8.475024144999784,0.02564102564102564,True,False
gap_fade_050,SITINET,INE965H01011,2026-04-27,2026-04-27,0.39,2026-04-27,0.38,SHORT,0.02564102564102566,0.002,0.02364102564102566,991380.7995029264,23437.258901069406,1014818.0584039958,2026-04-27,BZ,0.39,0.39,0.37,0.38,0.38,0.38,337185,129264.59,False,9913.807995029265,0.07669391900000816,7.669391900000815,0.02564102564102564,False,False
gap_fade_050,SITINET,INE965H01011,2026-04-28,2026-04-28,0.39,2026-04-28,0.37,SHORT,0.05128205128205132,0.002,0.04928205128205132,1014818.0584039958,50012.31559621752,1064830.3740002133,2026-04-28,BZ,0.39,0.39,0.37,0.37,0.37,0.38,412377,156386.95,False,10148.18058403996,0.0648914796537688,6.489147965376879,0.02564102564102564,False,False
gap_fade_050,SITINET,INE965H01011,2026-04-29,2026-04-29,0.36,2026-04-29,0.36,LONG,0.0,0.002,-0.002,1064830.3740002133,-2129.6607480004895,1062700.7132522129,2026-04-29,BZ,0.36,0.38,0.36,0.36,0.36,0.37,477399,176062.15,False,10648.303740002133,0.06048036866528174,6.048036866528174,0.02777777777777778,False,False
gap_fade_050,SITINET,INE965H01011,2026-04-30,2026-04-30,0.37,2026-04-30,0.36,SHORT,0.027027027027027084,0.002,0.025027027027027082,1062700.7132522129,26596.23947220412,1089296.952724417,2026-04-30,BZ,0.37,0.37,0.35,0.36,0.37,0.36,349860,126950.06,False,10627.007132522129,0.08371013871535098,8.371013871535098,0.02702702702702703,True,False
gap_fade_050,SITINET,INE965H01011,2026-05-04,2026-05-04,0.37,2026-05-04,0.36,SHORT,0.027027027027027084,0.002,0.025027027027027082,1089296.952724417,27261.864276292035,1116558.817000709,2026-05-04,BZ,0.37,0.37,0.35,0.36,0.37,0.36,386548,141218.96,False,10892.96952724417,0.07713531899147374,7.713531899147374,0.02702702702702703,True,False
gap_fade_050,SITINET,INE965H01011,2026-05-05,2026-05-05,0.37,2026-05-05,0.37,SHORT,-0.0,0.002,-0.002,1116558.817000709,-2233.117634001421,1114325.6993667076,2026-05-05,BZ,0.37,0.37,0.36,0.37,0.37,0.36,566191,209069.94,False,11165.588170007091,0.05340599499864539,5.340599499864538,0.02702702702702703,False,False
gap_fade_050,SITINET,INE965H01011,2026-05-06,2026-05-06,0.38,2026-05-06,0.36,SHORT,0.052631578947368474,0.002,0.05063157894736847,1114325.6993667076,56420.06962056691,1170745.7689872745,2026-05-06,BZ,0.38,0.38,0.36,0.36,0.36,0.37,458212,169533.36,False,11143.256993667075,0.06572899276972435,6.572899276972436,0.02631578947368421,False,False
gap_fade_050,SITINET,INE965H01011,2026-05-07,2026-05-07,0.37,2026-05-07,0.36,SHORT,0.027027027027027084,0.002,0.025027027027027082,1170745.7689872745,29300.286002221983,1200046.0549894965,2026-05-07,BZ,0.37,0.37,0.35,0.36,0.36,0.36,656379,236574.13,False,11707.457689872745,0.04948748068891871,4.948748068891871,0.02702702702702703,False,False
gap_fade_050,SITINET,INE965H01011,2026-05-08,2026-05-08,0.37,2026-05-08,0.36,SHORT,0.027027027027027084,0.002,0.025027027027027082,1200046.0549894965,30033.58505189931,1230079.6400413958,2026-05-08,BZ,0.37,0.37,0.35,0.36,0.37,0.36,422426,153770.35,False,12000.460549894964,0.07804144654606668,7.8041446546066675,0.02702702702702703,True,False
gap_fade_050,SITINET,INE965H01011,2026-05-11,2026-05-11,0.37,2026-05-11,0.35,SHORT,0.05405405405405406,0.002,0.052054054054054055,1230079.6400413958,64030.63207350625,1294110.272114902,2026-05-11,BZ,0.37,0.37,0.35,0.35,0.35,0.36,411809,148422.15,False,12300.79640041396,0.0828770934824348,8.287709348243478,0.02702702702702703,False,False
gap_fade_050,SITINET,INE965H01011,2026-05-12,2026-05-12,0.36,2026-05-12,0.34,SHORT,0.05555555555555547,0.002,0.05355555555555547,1294110.272114902,69306.79457326466,1363417.0666881667,2026-05-12,BZ,0.36,0.36,0.34,0.34,0.35,0.35,602086,207651.52,False,12941.10272114902,0.06232125207245784,6.232125207245784,0.02777777777777778,True,False
gap_fade_050,SITINET,INE965H01011,2026-05-15,2026-05-15,0.34,2026-05-15,0.32,SHORT,0.05882352941176472,0.002,0.05682352941176472,1363417.0666881667,77474.169789457,1440891.2364776237,2026-05-15,BZ,0.34,0.34,0.32,0.32,0.33,0.33,1369351,442119.62,False,13634.170666881666,0.030838194122399874,3.0838194122399876,0.029411764705882353,True,False
gap_fade_050,SITINET,INE965H01011,2026-05-18,2026-05-18,0.33,2026-05-18,0.32,SHORT,0.030303030303030276,0.002,0.028303030303030274,1440891.2364776237,40781.58832939691,1481672.8248070206,2026-05-18,BZ,0.33,0.33,0.31,0.32,0.32,0.32,517023,168834.21,False,14408.912364776237,0.08534355901435045,8.534355901435045,0.030303030303030304,False,False
gap_fade_050,SITINET,INE965H01011,2026-05-19,2026-05-19,0.33,2026-05-19,0.33,SHORT,-0.0,0.002,-0.002,1481672.8248070206,-2963.3456496142317,1478709.4791574064,2026-05-19,BZ,0.33,0.33,0.31,0.33,0.33,0.32,734784,242210.09,False,14816.728248070207,0.0611730429895394,6.11730429895394,0.030303030303030304,False,False
gap_fade_050,SITINET,INE965H01011,2026-05-21,2026-05-21,0.34,2026-05-21,0.32,SHORT,0.05882352941176472,0.002,0.05682352941176472,1478709.4791574064,84025.49158035638,1562734.9707377627,2026-05-21,BZ,0.34,0.34,0.32,0.32,0.34,0.33,284935,95013.16,False,14787.094791574063,0.15563207024768003,15.563207024768005,0.029411764705882353,True,False
gap_fade_050,SITINET,INE965H01011,2026-05-22,2026-05-22,0.33,2026-05-22,0.33,SHORT,-0.0,0.002,-0.002,1562734.9707377627,-3125.4699414756615,1559609.500796287,2026-05-22,BZ,0.33,0.33,0.32,0.33,0.33,0.32,321841,105569.02,False,15627.349707377627,0.14802969381905437,14.802969381905436,0.030303030303030304,False,False
gap_fade_050,SITINET,INE965H01011,2026-05-25,2026-05-25,0.34,2026-05-25,0.33,SHORT,0.02941176470588236,0.002,0.027411764705882358,1559609.500796287,42751.64866888686,1602361.149465174,2026-05-25,BZ,0.34,0.34,0.32,0.33,0.32,0.33,432966,143834.51,False,15596.095007962871,0.10843082795612033,10.843082795612034,0.029411764705882353,True,False
gap_fade_050,SITINET,INE965H01011,2026-05-27,2026-05-27,0.34,2026-05-27,0.34,SHORT,-0.0,0.002,-0.002,1602361.149465174,-3204.722298930399,1599156.4271662435,2026-05-27,BZ,0.34,0.34,0.33,0.34,0.34,0.33,203058,69032.72,False,16023.61149465174,0.23211618337871864,23.211618337871865,0.029411764705882353,False,False
gap_fade_050,SITINET,INE965H01011,2026-05-29,2026-05-29,0.35,2026-05-29,0.34,SHORT,0.02857142857142847,0.002,0.026571428571428468,1599156.4271662435,42491.87077898858,1641648.2979452321,2026-05-29,BZ,0.35,0.35,0.33,0.34,0.35,0.34,1096354,382141.24,False,15991.564271662435,0.04184726116360128,4.184726116360128,0.028571428571428574,True,False
gap_fade_050,SITINET,INE965H01011,2026-06-01,2026-06-01,0.35,2026-06-01,0.34,SHORT,0.02857142857142847,0.002,0.026571428571428468,1641648.2979452321,43620.940488259075,1685269.2384334912,2026-06-01,BZ,0.35,0.35,0.33,0.34,0.35,0.34,776289,269253.2,False,16416.48297945232,0.06097042850169402,6.0970428501694025,0.028571428571428574,True,False
gap_fade_050,SITINET,INE965H01011,2026-06-03,2026-06-03,0.36,2026-06-03,0.36,SHORT,-0.0,0.002,-0.002,1685269.2384334912,-3370.538476866903,1681898.6999566243,2026-06-03,BZ,0.36,0.36,0.35,0.36,0.36,0.35,470831,169346.26,False,16852.692384334914,0.0995161769993321,9.951617699933209,0.02777777777777778,False,False
gap_fade_050,SITINET,INE965H01011,2026-06-04,2026-06-04,0.37,2026-06-04,0.37,SHORT,-0.0,0.002,-0.002,1681898.6999566243,-3363.7973999131937,1678534.902556711,2026-06-04,BZ,0.37,0.37,0.37,0.37,0.37,0.36,196316,72636.92,True,16818.98699956624,0.2315487358159768,23.154873581597684,0.02702702702702703,False,False
gap_fade_050,SITINET,INE965H01011,2026-06-05,2026-06-05,0.38,2026-06-05,0.37,SHORT,0.02631578947368418,0.002,0.02431578947368418,1678534.902556711,40814.90131480014,1719349.8038715112,2026-06-05,BZ,0.38,0.38,0.37,0.37,0.38,0.37,246476,92874.11,False,16785.349025567113,0.1807322732413491,18.07322732413491,0.02631578947368421,True,False
gap_fade_050,SITINET,INE965H01011,2026-06-08,2026-06-08,0.38,2026-06-08,0.37,SHORT,0.02631578947368418,0.002,0.02431578947368418,1719349.8038715112,41807.34786256007,1761157.1517340713,2026-06-08,BZ,0.38,0.38,0.37,0.37,0.38,0.37,896076,337442.78,False,17193.49803871511,0.050952336389343135,5.095233638934314,0.02631578947368421,True,False
gap_fade_050,SITINET,INE965H01011,2026-06-09,2026-06-09,0.38,2026-06-09,0.36,SHORT,0.052631578947368474,0.002,0.05063157894736847,1761157.1517340713,89170.16736674588,1850327.3191008172,2026-06-09,BZ,0.38,0.38,0.36,0.36,0.36,0.37,474898,175166.11,False,17611.57151734071,0.10054211695025204,10.054211695025204,0.02631578947368421,False,False
gap_fade_050,SITINET,INE965H01011,2026-06-10,2026-06-10,0.37,2026-06-10,0.36,SHORT,0.027027027027027084,0.002,0.025027027027027082,1850327.3191008172,46308.191823982634,1896635.5109247998,2026-06-10,BZ,0.37,0.37,0.35,0.36,0.36,0.36,417194,152504.62,False,18503.27319100817,0.12132926327745462,12.132926327745462,0.02702702702702703,False,False
gap_fade_050,SITINET,INE965H01011,2026-06-11,2026-06-11,0.37,2026-06-11,0.35,SHORT,0.05405405405405406,0.002,0.052054054054054055,1896635.5109247998,98727.56740651815,1995363.078331318,2026-06-11,BZ,0.37,0.37,0.35,0.35,0.35,0.36,241893,87971.06,False,18966.355109247997,0.21559766483714074,21.559766483714075,0.02702702702702703,False,False
gap_fade_050,SITINET,INE965H01011,2026-06-12,2026-06-12,0.36,2026-06-12,0.36,SHORT,-0.0,0.002,-0.002,1995363.078331318,-3990.726156662451,1991372.3521746555,2026-06-12,BZ,0.36,0.36,0.34,0.36,0.36,0.35,467121,165762.27,False,19953.63078331318,0.12037498511158891,12.03749851115889,0.02777777777777778,False,False
gap_fade_050,SITINET,INE965H01011,2026-06-15,2026-06-15,0.37,2026-06-15,0.36,SHORT,0.027027027027027084,0.002,0.025027027027027082,1991372.3521746555,49838.12967874925,2041210.4818534048,2026-06-15,BZ,0.37,0.37,0.35,0.36,0.36,0.36,541255,197492.81,False,19913.723521746553,0.10083265067597424,10.083265067597425,0.02702702702702703,False,False
gap_fade_050,SITINET,INE965H01011,2026-06-16,2026-06-16,0.37,2026-06-16,0.36,SHORT,0.027027027027027084,0.002,0.025027027027027082,2041210.4818534048,51085.42989719589,2092295.9117506007,2026-06-16,BZ,0.37,0.37,0.35,0.36,0.35,0.36,1019629,362522.56,False,20412.104818534048,0.05630575051255858,5.630575051255858,0.02702702702702703,True,False
gap_fade_050,SITINET,INE965H01011,2026-06-22,2026-06-22,0.34,2026-06-22,0.34,LONG,0.0,0.002,-0.002,2092295.9117506007,-4184.591823501047,2088111.3199270996,2026-06-22,BZ,0.34,0.36,0.34,0.34,0.36,0.35,301297,104200.12,False,20922.959117506005,0.20079592151627088,20.07959215162709,0.029411764705882353,True,False
gap_fade_050,SITINET,INE965H01011,2026-06-24,2026-06-24,0.35,2026-06-24,0.34,SHORT,0.02857142857142847,0.002,0.026571428571428468,2088111.3199270996,55484.10078663379,2143595.4207137334,2026-06-24,BZ,0.35,0.35,0.33,0.34,0.34,0.34,424826,144380.72,False,20881.113199270996,0.14462535717560485,14.462535717560487,0.028571428571428574,False,False
gap_fade_050,SITINET,INE965H01011,2026-06-30,2026-06-30,0.35,2026-06-30,0.34,SHORT,0.02857142857142847,0.002,0.026571428571428468,2143595.4207137334,56958.39260753617,2200553.8133212696,2026-06-30,BZ,0.35,0.35,0.33,0.34,0.34,0.34,450540,156839.61,False,21435.954207137333,0.13667436566016286,13.667436566016287,0.028571428571428574,False,False
gap_fade_050,SITINET,INE965H01011,2026-07-01,2026-07-01,0.35,2026-07-01,0.33,SHORT,0.05714285714285705,0.002,0.05514285714285705,2200553.8133212696,121344.82456314424,2321898.637884414,2026-07-01,BZ,0.35,0.35,0.33,0.33,0.34,0.34,176471,59980.97,False,22005.538133212696,0.3668753295122219,36.68753295122219,0.028571428571428574,True,False
gap_fade_050,SITINET,INE965H01011,2026-07-02,2026-07-02,0.34,2026-07-02,0.33,SHORT,0.02941176470588236,0.002,0.027411764705882358,2321898.637884414,63647.33913259674,2385545.9770170106,2026-07-02,BZ,0.34,0.34,0.33,0.33,0.34,0.33,404001,135165.7,False,23218.986378844136,0.1717816456308378,17.178164563083783,0.029411764705882353,True,False
gap_fade_050,SITINET,INE965H01011,2026-07-03,2026-07-03,0.34,2026-07-03,0.33,SHORT,0.02941176470588236,0.002,0.027411764705882358,2385545.9770170106,65392.025017054286,2450938.002034065,2026-07-03,BZ,0.34,0.34,0.33,0.33,0.34,0.33,83218,27942.97,False,23855.459770170106,0.8537195498606663,85.37195498606664,0.029411764705882353,True,False
gap_fade_050,SITINET,INE965H01011,2026-07-07,2026-07-07,0.34,2026-07-07,0.33,SHORT,0.02941176470588236,0.002,0.027411764705882358,2450938.002034065,67184.53582046367,2518122.5378545285,2026-07-07,BZ,0.34,0.34,0.33,0.33,0.33,0.33,279526,93236.15,False,24509.380020340646,0.26287421799742533,26.287421799742535,0.029411764705882353,False,False
gap_fade_050,SITINET,INE965H01011,2026-07-10,2026-07-10,0.34,2026-07-10,0.33,SHORT,0.02941176470588236,0.002,0.027411764705882358,2518122.5378545285,69026.1825082479,2587148.7203627764,2026-07-10,BZ,0.34,0.34,0.33,0.33,0.33,0.33,255152,84704.46,False,25181.225378545285,0.297283347046251,29.728334704625098,0.029411764705882353,False,False
gap_fade_050,SITINET,INE965H01011,2026-07-13,2026-07-13,0.34,2026-07-13,0.32,SHORT,0.05882352941176472,0.002,0.05682352941176472,2587148.7203627764,147010.9214041438,2734159.64176692,2026-07-13,BZ,0.34,0.34,0.32,0.32,0.33,0.33,722872,232142.56,False,25871.487203627763,0.11144654906721009,11.14465490672101,0.029411764705882353,True,False
gap_fade_050,SITINET,INE965H01011,2026-07-14,2026-07-14,0.33,2026-07-14,0.31,SHORT,0.06060606060606066,0.002,0.05860606060606066,2734159.64176692,160238.32567203743,2894397.9674389577,2026-07-14,BZ,0.33,0.33,0.31,0.31,0.31,0.32,323990,103224.59,False,27341.5964176692,0.2648748366805739,26.48748366805739,0.030303030303030304,False,False
gap_fade_050,SITINET,INE965H01011,2026-07-15,2026-07-15,0.32,2026-07-15,0.32,SHORT,-0.0,0.002,-0.002,2894397.9674389577,-5788.795934877824,2888609.17150408,2026-07-15,BZ,0.32,0.32,0.31,0.32,0.32,0.31,284882,90028.52,False,28943.97967438958,0.32149789504914195,32.149789504914196,0.03125,False,False
gap_fade_050,SITINET,INE965H01011,2026-07-16,2026-07-16,0.33,2026-07-16,0.33,SHORT,-0.0,0.002,-0.002,2888609.17150408,-5777.21834300831,2882831.9531610715,2026-07-16,BZ,0.33,0.33,0.32,0.33,0.33,0.32,297971,98015.18,False,28886.0917150408,0.29471038787094817,29.471038787094816,0.030303030303030304,False,False
gap_fade_050,SITINET,INE965H01011,2026-07-20,2026-07-20,0.34,2026-07-20,0.32,SHORT,0.05882352941176472,0.002,0.05682352941176472,2882831.9531610715,163812.68627962377,3046644.6394406953,2026-07-20,BZ,0.34,0.34,0.32,0.32,0.32,0.33,131747,43340.93,False,28828.319531610712,0.6651523059521499,66.515230595215,0.029411764705882353,False,False
gap_fade_050,SITINET,INE965H01011,2026-07-21,2026-07-21,0.33,2026-07-21,0.32,SHORT,0.030303030303030276,0.002,0.028303030303030274,3046644.6394406953,86229.27555265464,3132873.91499335,2026-07-21,BZ,0.33,0.33,0.32,0.32,0.33,0.32,314768,102398.67,False,30466.446394406954,0.2975277549445413,29.75277549445413,0.030303030303030304,True,False
gap_fade_050,SITINET,INE965H01011,2026-07-24,2026-07-24,0.33,2026-07-24,0.32,SHORT,0.030303030303030276,0.002,0.028303030303030274,3132873.91499335,88669.82535162987,3221543.74034498,2026-07-24,BZ,0.33,0.33,0.32,0.32,0.33,0.32,122768,39920.08,False,31328.7391499335,0.7847864821396525,78.47864821396524,0.030303030303030304,True,False
gap_fade_050,SITINET,INE965H01011,2026-07-29,2026-07-29,0.32,2026-07-29,0.3,SHORT,0.0625,0.002,0.0605,3221543.74034498,194903.39629087131,3416447.136635851,2026-07-29,BZ,0.32,0.32,0.3,0.3,0.31,0.31,802171,249062.82,False,32215.437403449796,0.12934663392733525,12.934663392733526,0.03125,True,False
gap_fade_050,SITINET,INE965H01011,2026-07-30,2026-07-30,0.31,2026-07-30,0.3,SHORT,0.032258064516129115,0.002,0.030258064516129113,3416447.136635851,103375.07787627261,3519822.2145121237,2026-07-30,BZ,0.31,0.31,0.3,0.3,0.31,0.3,411667,125919.85,False,34164.471366358506,0.27131918729539867,27.13191872953987,0.03225806451612903,True,False
gap_fade_050,SITINET,INE965H01011,2026-07-31,2026-07-31,0.31,2026-07-31,0.3,SHORT,0.032258064516129115,0.002,0.030258064516129113,3519822.2145121237,106503.00765201217,3626325.222164136,2026-07-31,BZ,0.31,0.31,0.3,0.3,0.31,0.3,441933,136217.67,False,35198.22214512124,0.25839688892873613,25.839688892873614,0.03225806451612903,True,False
gap_fade_050,SITINET,INE965H01011,2026-08-03,2026-08-03,0.31,2026-08-03,0.31,SHORT,-0.0,0.002,-0.002,3626325.222164136,-7252.650444328319,3619072.5717198076,2026-08-03,BZ,0.31,0.31,0.31,0.31,0.31,0.3,428778,132921.18,True,36263.252221641356,0.27281771213317063,27.281771213317064,0.03225806451612903,False,False
gap_fade_050,SITINET,INE965H01011,2026-08-07,2026-08-07,0.32,2026-08-07,0.3,SHORT,0.0625,0.002,0.0605,3619072.5717198076,218953.89058904862,3838026.462308856,2026-08-07,BZ,0.32,0.32,0.3,0.3,0.3,0.31,1193764,361867.48,False,36190.725717198075,0.10001099219304833,10.001099219304834,0.03125,False,False
gap_fade_050,SITINET,INE965H01011,2026-08-10,2026-08-10,0.31,2026-08-10,0.29,SHORT,0.06451612903225812,0.002,0.06251612903225812,3838026.462308856,239938.557546922,4077965.019855778,2026-08-10,BZ,0.31,0.31,0.29,0.29,0.3,0.3,1203491,355832.41,False,38380.26462308856,0.10786050833056089,10.786050833056091,0.03225806451612903,True,False
gap_fade_050,SITINET,INE965H01011,2026-08-13,2026-08-13,0.3,2026-08-13,0.29,SHORT,0.033333333333333326,0.002,0.031333333333333324,4077965.019855778,127776.2372888145,4205741.257144593,2026-08-13,BZ,0.3,0.3,0.29,0.29,0.3,0.29,813087,242518.15,False,40779.650198557785,0.16815092065710457,16.815092065710456,0.03333333333333333,True,False
gap_fade_050,SITINET,INE965H01011,2026-08-14,2026-08-14,0.28,2026-08-14,0.29,LONG,0.03571428571428559,0.002,0.033714285714285586,4205741.257144593,141793.56238373183,4347534.8195283245,2026-08-14,BZ,0.28,0.3,0.28,0.29,0.3,0.29,779206,221260.3,False,42057.41257144593,0.19008115134728612,19.008115134728612,0.03571428571428571,True,False
gap_fade_050,SITINET,INE965H01011,2026-08-17,2026-08-17,0.3,2026-08-17,0.29,SHORT,0.033333333333333326,0.002,0.031333333333333324,4347534.8195283245,136222.7576785544,4483757.577206879,2026-08-17,BZ,0.3,0.3,0.28,0.29,0.3,0.29,391571,113640.05,False,43475.348195283244,0.38257065352649217,38.257065352649214,0.03333333333333333,True,False
gap_fade_050,SITINET,INE965H01011,2026-08-19,2026-08-19,0.3,2026-08-19,0.28,SHORT,0.06666666666666654,0.002,0.06466666666666654,4483757.577206879,289949.65665937774,4773707.233866257,2026-08-19,BZ,0.3,0.3,0.28,0.28,0.29,0.29,1115064,314596.52,False,44837.57577206878,0.14252406788246985,14.252406788246986,0.03333333333333333,True,False
gap_fade_050,SITINET,INE965H01011,2026-08-24,2026-08-24,0.29,2026-08-24,0.28,SHORT,0.0344827586206895,0.002,0.0324827586206895,4773707.233866257,155063.17980351765,4928770.413669774,2026-08-24,BZ,0.29,0.29,0.27,0.28,0.29,0.28,1136491,322673.48,False,47737.07233866257,0.1479423482173452,14.79423482173452,0.03448275862068966,True,False
gap_fade_050,SITINET,INE965H01011,2026-08-27,2026-08-27,0.28,2026-08-27,0.27,SHORT,0.0357142857142857,0.002,0.0337142857142857,4928770.413669774,166169.9739465816,5094940.387616356,2026-08-27,BZ,0.28,0.28,0.27,0.27,0.28,0.27,969062,270266.21,False,49287.70413669774,0.1823672450089034,18.23672450089034,0.03571428571428571,True,False
