symbol,mis_margin_percent,listed_mis_multiplier
20MICRONS,20.0,5.0
360ONE,20.0,5.0
3MINDIA,20.0,5.0
5PAISA,20.0,5.0
63MOONS,20.0,5.0
A2ZINFRA,20.0,5.0
AADHARHFC,20.0,5.0
AAREYDRUGS,20.0,5.0
AARTIDRUGS,20.0,5.0
AARTIIND,20.0,5.0
AARTIPHARM,20.0,5.0
AAVAS,20.0,5.0
ABB,20.0,5.0
ABBOTINDIA,20.0,5.0
ABCAPITAL,20.0,5.0
ABDL,20.0,5.0
ABFRL,20.0,5.0
ABLBL,20.0,5.0
ABREL,20.0,5.0
ABSLAMC,20.0,5.0
ABSLBANETF,20.0,5.0
ACC,20.0,5.0
ACE,20.0,5.0
ACI,20.0,5.0
ACMESOLAR,20.0,5.0
ACUTAAS,20.0,5.0
ADANIENSOL,20.0,5.0
ADANIENT,20.0,5.0
ADANIGREEN,20.0,5.0
ADANIPORTS,20.0,5.0
ADANIPOWER,20.0,5.0
ADFFOODS,20.0,5.0
ADOR,20.0,5.0
ADSL,20.0,5.0
ADVAIT,20.0,5.0
ADVANCE,20.0,5.0
ADVENTHTL,20.0,5.0
ADVENZYMES,20.0,5.0
AEGISLOG,20.0,5.0
AEGISVOPAK,20.0,5.0
AEQUS,20.0,5.0
AEROENTER,20.0,5.0
AEROFLEX,20.0,5.0
AEROPLANE,20.0,5.0
AETHER,20.0,5.0
AFCONS,20.0,5.0
AFFLE,20.0,5.0
AGARIND,20.0,5.0
AGARWALEYE,20.0,5.0
AGI,20.0,5.0
AGIIL,20.0,5.0
AGL,20.0,5.0
AHCL,20.0,5.0
AHLUCONT,20.0,5.0
AIAENG,20.0,5.0
AIIL,20.0,5.0
AJANTPHARM,20.0,5.0
AJAXENGG,20.0,5.0
AJMERA,20.0,5.0
AKUMS,20.0,5.0
ALBERTDAVD,20.0,5.0
ALEMBICLTD,20.0,5.0
ALGOQUANT,20.0,5.0
ALICON,20.0,5.0
ALIVUS,20.0,5.0
ALKEM,20.0,5.0
ALKYLAMINE,20.0,5.0
ALLCARGO,20.0,5.0
ALLTIME,20.0,5.0
ALOKINDS,20.0,5.0
ALPHA,20.0,5.0
ALPHAETF,20.0,5.0
ALPINETEX,20.0,5.0
ALPL30IETF,20.0,5.0
AMAGI,20.0,5.0
AMBER,20.0,5.0
AMBIKCO,20.0,5.0
AMBUJACEM,20.0,5.0
AMRUTANJAN,20.0,5.0
ANANDRATHI,20.0,5.0
ANANTRAJ,20.0,5.0
ANDHRAPAP,20.0,5.0
ANDHRSUGAR,20.0,5.0
ANGELONE,20.0,5.0
ANNAPURNA,100.0,1.0
ANTELOPUS,20.0,5.0
ANTHEM,20.0,5.0
ANUP,20.0,5.0
ANURAS,20.0,5.0
AONELIQUID,20.0,5.0
APARINDS,20.0,5.0
APCOTEXIND,20.0,5.0
APEX,20.0,5.0
APLAPOLLO,20.0,5.0
APLLTD,20.0,5.0
APOLLO,20.0,5.0
APOLLOHOSP,20.0,5.0
APOLLOPIPE,20.0,5.0
APOLLOTYRE,20.0,5.0
APTUS,20.0,5.0
ARDEE,20.0,5.0
ARE&M,20.0,5.0
ARFIN,20.0,5.0
ARIES,20.0,5.0
ARIHANTCAP,20.0,5.0
ARIS,20.0,5.0
ARKADE,20.0,5.0
ARMANFIN,20.0,5.0
ARSSBL,20.0,5.0
ARTEMISMED,20.0,5.0
ARVIND,20.0,5.0
ARVINDFASN,20.0,5.0
ARVSMART,20.0,5.0
ASAHIINDIA,20.0,5.0
ASAL,20.0,5.0
ASALCBR,20.0,5.0
ASHAPURMIN,20.0,5.0
ASHIANA,20.0,5.0
ASHOKA,20.0,5.0
ASHOKLEY,20.0,5.0
ASIANENE,20.0,5.0
ASIANHOTNR,20.0,5.0
ASIANPAINT,20.0,5.0
ASIANTILES,20.0,5.0
ASKAUTOLTD,20.0,5.0
ASMTEC,20.0,5.0
ASTEC,20.0,5.0
ASTERDM,20.0,5.0
ASTRAL,20.0,5.0
ASTRAMICRO,20.0,5.0
ASTRAZEN,20.0,5.0
ATALREAL,20.0,5.0
ATGL,20.0,5.0
ATHERENERG,20.0,5.0
ATLANTAELE,20.0,5.0
ATUL,20.0,5.0
ATULAUTO,20.0,5.0
AUBANK,20.0,5.0
AUGMONT,20.0,5.0
AURIONPRO,20.0,5.0
AUROPHARMA,20.0,5.0
AURUM,20.0,5.0
AUTOAXLES,20.0,5.0
AUTOBEES,20.0,5.0
AUTOIETF,20.0,5.0
AUTOIND,20.0,5.0
AVADHSUGAR,20.0,5.0
AVALON,20.0,5.0
AVANTEL,20.0,5.0
AVANTIFEED,20.0,5.0
AVL,20.0,5.0
AVTNPL,20.0,5.0
AWFIS,20.0,5.0
AWHCL,20.0,5.0
AWL,20.0,5.0
AXISBANK,20.0,5.0
AXISCADES,20.0,5.0
AYE,20.0,5.0
AYMSYNTEX,20.0,5.0
AZAD,20.0,5.0
BAJAJ-AUTO,20.0,5.0
BAJAJCON,20.0,5.0
BAJAJELEC,20.0,5.0
BAJAJFINSV,20.0,5.0
BAJAJHCARE,20.0,5.0
BAJAJHFL,20.0,5.0
BAJAJHIND,20.0,5.0
BAJAJHLDNG,20.0,5.0
BAJEL,20.0,5.0
BAJFINANCE,20.0,5.0
BALAJITELE,20.0,5.0
BALAMINES,20.0,5.0
BALKRISIND,20.0,5.0
BALMLAWRIE,20.0,5.0
BALRAMCHIN,20.0,5.0
BALUFORGE,20.0,5.0
BANARISUG,20.0,5.0
BANCOINDIA,20.0,5.0
BANDHANBNK,20.0,5.0
BANKBARODA,20.0,5.0
BANKBEES,20.0,5.0
BANKBETA,20.0,5.0
BANKETF,20.0,5.0
BANKIETF,20.0,5.0
BANKINDIA,20.0,5.0
BANKNIFTY1,20.0,5.0
BANSALWIRE,20.0,5.0
BASF,20.0,5.0
BATAINDIA,20.0,5.0
BATLIBOI,20.0,5.0
BAYERCROP,20.0,5.0
BBETF0432,20.0,5.0
BBL,20.0,5.0
BBOX,20.0,5.0
BBTC,20.0,5.0
BCG,20.0,5.0
BCLIND,20.0,5.0
BDL,20.0,5.0
BECTORFOOD,20.0,5.0
BEL,20.0,5.0
BELRISE,20.0,5.0
BEML,20.0,5.0
BENGALASM,20.0,5.0
BEPL,20.0,5.0
BERGEPAINT,20.0,5.0
BESTAGRO,20.0,5.0
BETA,20.0,5.0
BFINVEST,20.0,5.0
BFSI,20.0,5.0
BFUTILITIE,20.0,5.0
BHAGCHEM,20.0,5.0
BHAGYANGR,20.0,5.0
BHARATCOAL,20.0,5.0
BHARATFORG,20.0,5.0
BHARATRAS,20.0,5.0
BHARATSE,20.0,5.0
BHARATWIRE,20.0,5.0
BHARTIARTL,20.0,5.0
BHARTIHEXA,20.0,5.0
BHEL,20.0,5.0
BIKAJI,20.0,5.0
BIOCON,20.0,5.0
BIRLACORPN,20.0,5.0
BIRLANU,20.0,5.0
BLACKBUCK,20.0,5.0
BLEL,20.0,5.0
BLKASHYAP,20.0,5.0
BLS,20.0,5.0
BLSE,20.0,5.0
BLUECLOUDS,20.0,5.0
BLUEDART,20.0,5.0
BLUEJET,20.0,5.0
BLUESTARCO,20.0,5.0
BLUESTONE,20.0,5.0
BLUSPRING,20.0,5.0
BNAGROCHEM,20.0,5.0
BOMDYEING,20.0,5.0
BORANA,20.0,5.0
BOROLTD,20.0,5.0
BORORENEW,20.0,5.0
BOROSCI,20.0,5.0
BOSCH-HCIL,20.0,5.0
BOSCHLTD,20.0,5.0
BPCL,20.0,5.0
BRIGADE,20.0,5.0
BRIGHOTEL,20.0,5.0
BRITANNIA,20.0,5.0
BSE,20.0,5.0
BSLGOLDETF,20.0,5.0
BSLNIFTY,20.0,5.0
BSOFT,20.0,5.0
BTML,20.0,5.0
BUILDPRO,20.0,5.0
BUTTERFLY,20.0,5.0
CAMLINFINE,20.0,5.0
CAMPUS,20.0,5.0
CAMS,20.0,5.0
CANBK,20.0,5.0
CANFINHOME,20.0,5.0
CANHLIFE,20.0,5.0
CANTABIL,20.0,5.0
CAPACITE,20.0,5.0
CAPILLARY,20.0,5.0
CAPLIPOINT,20.0,5.0
CARBORUNIV,20.0,5.0
CARERATING,20.0,5.0
CARRARO,20.0,5.0
CARTRADE,20.0,5.0
CARYSIL,20.0,5.0
CASHIETF,20.0,5.0
CASTROLIND,20.0,5.0
CCAVENUE,20.0,5.0
CCL,20.0,5.0
CDSL,20.0,5.0
CEATLTD,20.0,5.0
CEIGALL,20.0,5.0
CEINSYS,20.0,5.0
CELLO,20.0,5.0
CENTENKA,20.0,5.0
CENTEXT,20.0,5.0
CENTRALBK,20.0,5.0
CENTRUM,20.0,5.0
CENTUM,20.0,5.0
CENTURYPLY,20.0,5.0
CERA,20.0,5.0
CESC,20.0,5.0
CEWATER,20.0,5.0
CGCL,20.0,5.0
CGPOWER,20.0,5.0
CHALET,20.0,5.0
CHAMBLFERT,20.0,5.0
CHEMICAL,20.0,5.0
CHEMPLASTS,20.0,5.0
CHENNPETRO,20.0,5.0
CHOICEIN,20.0,5.0
CHOLAFIN,20.0,5.0
CHOLAHLDNG,20.0,5.0
CIANAGRO,20.0,5.0
CIEINDIA,20.0,5.0
CIPLA,20.0,5.0
CLEAN,20.0,5.0
CLEANMAX,20.0,5.0
CLSEL,20.0,5.0
CMLL,20.0,5.0
CMPDI,20.0,5.0
CMRGREEN,20.0,5.0
CMSINFO,20.0,5.0
CNL,20.0,5.0
COALINDIA,20.0,5.0
COASTCORP,20.0,5.0
COCHINSHIP,20.0,5.0
COCKERILL,20.0,5.0
COFORGE,20.0,5.0
COHANCE,20.0,5.0
COLPAL,20.0,5.0
COMSYN,20.0,5.0
CONCOR,20.0,5.0
CONCORDBIO,20.0,5.0
CONFIPET,50.0,2.0
CONSUMBEES,20.0,5.0
CORDELIA,20.0,5.0
COROMANDEL,20.0,5.0
CORONA,20.0,5.0
COSMOFIRST,20.0,5.0
CPPLUS,20.0,5.0
CPSEETF,20.0,5.0
CRAFTSMAN,20.0,5.0
CRAMC,20.0,5.0
CREDITACC,20.0,5.0
CRISIL,20.0,5.0
CRIZAC,20.0,5.0
CROMPTON,20.0,5.0
CSBBANK,20.0,5.0
CSM,20.0,5.0
CUB,20.0,5.0
CUMMINSIND,20.0,5.0
CUPID,50.0,2.0
CYIENT,20.0,5.0
CYIENTDLM,20.0,5.0
DABUR,20.0,5.0
DALBHARAT,20.0,5.0
DALMIASUG,20.0,5.0
DAMCAPITAL,20.0,5.0
DATAMATICS,20.0,5.0
DATAPATTNS,20.0,5.0
DBCORP,20.0,5.0
DBL,20.0,5.0
DBOL,20.0,5.0
DBREALTY,20.0,5.0
DCAL,20.0,5.0
DCBBANK,20.0,5.0
DCI,20.0,5.0
DCMSHRIRAM,20.0,5.0
DCMSRIND,20.0,5.0
DCW,20.0,5.0
DCXINDIA,20.0,5.0
DDEVPLSTIK,20.0,5.0
DECNGOLD,20.0,5.0
DEEDEV,20.0,5.0
DEEPAKFERT,20.0,5.0
DEEPAKNTR,20.0,5.0
DEEPINDS,20.0,5.0
DEFENCE,20.0,5.0
DELHIVERY,20.0,5.0
DELTACORP,20.0,5.0
DENTA,20.0,5.0
DEVYANI,20.0,5.0
DHAMPURSUG,20.0,5.0
DHANBANK,20.0,5.0
DHANUKA,20.0,5.0
DHARMAJ,20.0,5.0
DHOOTTRANS,20.0,5.0
DIAMONDYD,20.0,5.0
DIFFNKG,20.0,5.0
DIGITIDE,20.0,5.0
DIVGIITTS,20.0,5.0
DIVISLAB,20.0,5.0
DIXON,20.0,5.0
DJML,20.0,5.0
DLF,20.0,5.0
DLINKINDIA,20.0,5.0
DMART,20.0,5.0
DMCC,20.0,5.0
DODLA,20.0,5.0
DOLATALGO,20.0,5.0
DOLLAR,20.0,5.0
DOLPHIN,20.0,5.0
DOMS,20.0,5.0
DPABHUSHAN,20.0,5.0
DRAGARWQ,20.0,5.0
DREDGECORP,20.0,5.0
DRREDDY,20.0,5.0
DSSL,20.0,5.0
DVL,20.0,5.0
DWARKESH,20.0,5.0
DYCL,20.0,5.0
DYNAMATECH,20.0,5.0
EASEMYTRIP,20.0,5.0
EBBETF0430,20.0,5.0
EBBETF0431,20.0,5.0
EBBETF0433,20.0,5.0
EBGNG,20.0,5.0
ECLERX,20.0,5.0
EDELWEISS,20.0,5.0
EFCIL,20.0,5.0
EGOLD,20.0,5.0
EICHERMOT,20.0,5.0
EIDPARRY,20.0,5.0
EIEL,20.0,5.0
EIHOTEL,20.0,5.0
EIMCOELECO,20.0,5.0
EKC,20.0,5.0
ELANTAS,20.0,5.0
ELCIDIN,20.0,5.0
ELECON,20.0,5.0
ELECTCAST,20.0,5.0
ELECTHERM,20.0,5.0
ELGIEQUIP,20.0,5.0
ELIN,20.0,5.0
ELLEN,20.0,5.0
ELPROINTL,20.0,5.0
EMAMILTD,20.0,5.0
EMBDL,20.0,5.0
EMCURE,20.0,5.0
EMIL,20.0,5.0
EMMVEE,20.0,5.0
EMSLIMITED,20.0,5.0
EMUDHRA,20.0,5.0
ENDURANCE,20.0,5.0
ENERGY,20.0,5.0
ENGINERSIN,20.0,5.0
ENRIN,20.0,5.0
ENTERO,20.0,5.0
EPACK,20.0,5.0
EPACKPEB,20.0,5.0
EPIGRAL,20.0,5.0
EPL,20.0,5.0
EQUITASBNK,20.0,5.0
ERIS,20.0,5.0
ESABINDIA,20.0,5.0
ESCORTS,20.0,5.0
ESDS,50.0,2.0
ESILVER,20.0,5.0
ESTER,20.0,5.0
ETERNAL,20.0,5.0
ETHOSLTD,20.0,5.0
EUREKAFORB,20.0,5.0
EUROPRATIK,20.0,5.0
EVEREADY,20.0,5.0
EVINDIA,20.0,5.0
EXCELINDUS,20.0,5.0
EXCELSOFT,20.0,5.0
EXICOM,20.0,5.0
EXIDEIND,20.0,5.0
EXPLEOSOL,20.0,5.0
FABTECH,20.0,5.0
FACT,20.0,5.0
FAZE3Q,20.0,5.0
FCL,20.0,5.0
FDC,20.0,5.0
FEDDERSHOL,20.0,5.0
FEDERALBNK,20.0,5.0
FEDFINA,20.0,5.0
FERMENTA,20.0,5.0
FIEMIND,20.0,5.0
FILATEX,20.0,5.0
FINCABLES,20.0,5.0
FINEORG,20.0,5.0
FINIETF,20.0,5.0
FINKURVE,20.0,5.0
FINOPB,20.0,5.0
FINPIPE,20.0,5.0
FIRSTCRY,20.0,5.0
FISCHER,20.0,5.0
FIVESTAR,20.0,5.0
FLAIR,20.0,5.0
FLUOROCHEM,20.0,5.0
FMCGIETF,20.0,5.0
FMGOETZE,20.0,5.0
FORCEMOT,20.0,5.0
FORTIS,20.0,5.0
FOSECOIND,20.0,5.0
FRACTAL,20.0,5.0
FREDUN,20.0,5.0
FRONTSP,20.0,5.0
FSL,20.0,5.0
FUSION,20.0,5.0
GABRIEL,20.0,5.0
GAEL,20.0,5.0
GAIL,20.0,5.0
GAJA,20.0,5.0
GALAPREC,20.0,5.0
GALAXYSURF,20.0,5.0
GALLANTT,20.0,5.0
GANDHAR,20.0,5.0
GANECOS,20.0,5.0
GANESHCP,20.0,5.0
GANESHHOU,20.0,5.0
GARFIBRES,20.0,5.0
GARUDA,20.0,5.0
GATEWAY,20.0,5.0
GCSL,20.0,5.0
GEMAROMA,20.0,5.0
GENCON,20.0,5.0
GENESYS,50.0,2.0
GENUSPOWER,20.0,5.0
GEOJITFSL,20.0,5.0
GESHIP,20.0,5.0
GHCL,20.0,5.0
GHCLTEXTIL,20.0,5.0
GICHSGFIN,20.0,5.0
GICRE,20.0,5.0
GILLETTE,20.0,5.0
GILT5YBEES,20.0,5.0
GIPCL,20.0,5.0
GKENERGY,20.0,5.0
GKSL,20.0,5.0
GLAND,20.0,5.0
GLAXO,20.0,5.0
GLENMARK,20.0,5.0
GLOBUSSPR,20.0,5.0
GMBREW,20.0,5.0
GMDCLTD,20.0,5.0
GMMPFAUDLR,20.0,5.0
GMRAIRPORT,20.0,5.0
GMRP&UI,20.0,5.0
GNA,20.0,5.0
GNFC,20.0,5.0
GNRL,20.0,5.0
GOCLCORP,20.0,5.0
GOCOLORS,20.0,5.0
GODAVARIB,20.0,5.0
GODFRYPHLP,20.0,5.0
GODIGIT,20.0,5.0
GODREJAGRO,20.0,5.0
GODREJCP,20.0,5.0
GODREJIND,20.0,5.0
GODREJPROP,20.0,5.0
GOKEX,20.0,5.0
GOKULAGRO,20.0,5.0
GOLD1,20.0,5.0
GOLDADD,20.0,5.0
GOLDAXIS,20.0,5.0
GOLDBEES,20.0,5.0
GOLDBETA,20.0,5.0
GOLDCASE,20.0,5.0
GOLDETF,20.0,5.0
GOLDIAM,20.0,5.0
GOLDIETF,20.0,5.0
GOODLUCK,20.0,5.0
GOODYEAR,20.0,5.0
GOPAL,20.0,5.0
GPIL,20.0,5.0
GPPL,20.0,5.0
GPTHEALTH,20.0,5.0
GPTINFRA,20.0,5.0
GRANULES,20.0,5.0
GRAPHITE,20.0,5.0
GRASIM,20.0,5.0
GRAUWEIL,20.0,5.0
GRAVITA,20.0,5.0
GREAVESCOT,20.0,5.0
GREENLAM,20.0,5.0
GREENPANEL,20.0,5.0
GREENPLY,20.0,5.0
GREENPOWER,20.0,5.0
GRINDWELL,20.0,5.0
GRINFRA,20.0,5.0
GRMOVER,20.0,5.0
GROWW,20.0,5.0
GROWWDEFNC,20.0,5.0
GROWWEV,20.0,5.0
GROWWGOLD,20.0,5.0
GROWWHOSPI,20.0,5.0
GROWWLIQID,20.0,5.0
GROWWPOWER,20.0,5.0
GROWWRAIL,20.0,5.0
GROWWSLVR,20.0,5.0
GRSE,20.0,5.0
GRWRHITECH,20.0,5.0
GSFC,20.0,5.0
GSPCROP,20.0,5.0
GUFICBIO,20.0,5.0
GUJALKALI,20.0,5.0
GUJENERGY,20.0,5.0
GUJTHEM,20.0,5.0
GULFOILLUB,20.0,5.0
GULPOLY,20.0,5.0
GVPIL,20.0,5.0
GVT&D,20.0,5.0
GYFTR,20.0,5.0
HAL,20.0,5.0
HAPPSTMNDS,20.0,5.0
HAPPYFORGE,20.0,5.0
HARDWYN,20.0,5.0
HARIOMPIPE,20.0,5.0
HARSHA,20.0,5.0
HATHWAY,20.0,5.0
HATSUN,20.0,5.0
HAVELLS,20.0,5.0
HAWKINCOOK,20.0,5.0
HBLENGINE,20.0,5.0
HCC,20.0,5.0
HCG,20.0,5.0
HCLTECH,20.0,5.0
HDBFS,20.0,5.0
HDFCAMC,20.0,5.0
HDFCBANK,20.0,5.0
HDFCGOLD,20.0,5.0
HDFCLIFE,20.0,5.0
HDFCLIQUID,20.0,5.0
HDFCMID150,20.0,5.0
HDFCNEXT50,20.0,5.0
HDFCNIFBAN,20.0,5.0
HDFCNIFTY,20.0,5.0
HDFCSILVER,20.0,5.0
HDFCSML250,20.0,5.0
HEALTHIETF,20.0,5.0
HEIDELBERG,20.0,5.0
HEMIPROP,20.0,5.0
HERANBA,20.0,5.0
HERITGFOOD,20.0,5.0
HEROMOTOCO,20.0,5.0
HESTERBIO,20.0,5.0
HEXT,20.0,5.0
HGINFRA,20.0,5.0
HIKAL,50.0,2.0
HIMATSEIDE,20.0,5.0
HINDALCO,20.0,5.0
HINDCOPPER,20.0,5.0
HINDOILEXP,20.0,5.0
HINDPETRO,20.0,5.0
HINDUNILVR,20.0,5.0
HINDWAREAP,20.0,5.0
HINDZINC,20.0,5.0
HIRECT,20.0,5.0
HITECH,20.0,5.0
HLEGLAS,20.0,5.0
HMAAGRO,20.0,5.0
HNDFDS,20.0,5.0
HNGSNGBEES,20.0,5.0
HOMEFIRST,20.0,5.0
HONASA,20.0,5.0
HONAUT,20.0,5.0
HONDAPOWER,20.0,5.0
HORIZONIND,20.0,5.0
HPL,20.0,5.0
HSCL,20.0,5.0
HTMEDIA,20.0,5.0
HUBTOWN,20.0,5.0
HUDCO,20.0,5.0
HUHTAMAKI,20.0,5.0
HYUNDAI,20.0,5.0
IBULLSLTD,20.0,5.0
ICEMAKE,20.0,5.0
ICICIAMC,20.0,5.0
ICICIB22,20.0,5.0
ICICIBANK,20.0,5.0
ICICIGI,20.0,5.0
ICICIPRULI,20.0,5.0
ICIL,20.0,5.0
ICRA,20.0,5.0
IDBI,20.0,5.0
IDEA,20.0,5.0
IDEAFORGE,20.0,5.0
IDFCFIRSTB,20.0,5.0
IEX,20.0,5.0
IFBIND,20.0,5.0
IFCI,20.0,5.0
IFGLEXPOR,20.0,5.0
IGARASHI,20.0,5.0
IGCL,20.0,5.0
IGIL,20.0,5.0
IGL,20.0,5.0
IGPL,20.0,5.0
IIFL,20.0,5.0
IIFLCAPS,20.0,5.0
IITL,20.0,5.0
IKIO,20.0,5.0
IKS,20.0,5.0
IMAGICAA,20.0,5.0
IMFA,20.0,5.0
INA,20.0,5.0
INDGN,20.0,5.0
INDHOTEL,20.0,5.0
INDIACEM,20.0,5.0
INDIAMART,20.0,5.0
INDIANB,20.0,5.0
INDIANHUME,20.0,5.0
INDIASHLTR,20.0,5.0
INDIGO,20.0,5.0
INDIGOPNTS,20.0,5.0
INDIQUBE,20.0,5.0
INDNIPPON,20.0,5.0
INDOBORAX,20.0,5.0
INDOCO,20.0,5.0
INDOFARM,20.0,5.0
INDOMIM,20.0,5.0
INDORAMA,20.0,5.0
INDOSTAR,20.0,5.0
INDOTECH,20.0,5.0
INDRAMEDCO,20.0,5.0
INDSWFTLAB,20.0,5.0
INDUSINDBK,20.0,5.0
INDUSTOWER,20.0,5.0
INFOBEAN,20.0,5.0
INFRAIETF,20.0,5.0
INFY,20.0,5.0
INGERRAND,20.0,5.0
INNOVACAP,20.0,5.0
INOXGREEN,20.0,5.0
INOXINDIA,20.0,5.0
INOXWIND,20.0,5.0
INSECTICID,20.0,5.0
INTELLECT,20.0,5.0
INTERARCH,20.0,5.0
IOB,20.0,5.0
IOC,20.0,5.0
IOLCP,20.0,5.0
IONEXCHANG,20.0,5.0
IPCALAB,20.0,5.0
IPL,20.0,5.0
IRB,20.0,5.0
IRCON,20.0,5.0
IRCTC,20.0,5.0
IREDA,20.0,5.0
IRFC,20.0,5.0
IRISDOREME,20.0,5.0
IRMENERGY,20.0,5.0
ISGEC,20.0,5.0
IT,20.0,5.0
ITAXIS,20.0,5.0
ITBEES,20.0,5.0
ITC,20.0,5.0
ITCHOTELS,20.0,5.0
ITDC,20.0,5.0
ITETF,20.0,5.0
ITI,20.0,5.0
ITIETF,20.0,5.0
IVALUE,20.0,5.0
IXIGO,20.0,5.0
IZMO,20.0,5.0
J&KBANK,20.0,5.0
JAGRAN,20.0,5.0
JAGSNPHARM,20.0,5.0
JAIBALAJI,20.0,5.0
JAICORPLTD,20.0,5.0
JAINREC,20.0,5.0
JAMNAAUTO,20.0,5.0
JARO,20.0,5.0
JASH,20.0,5.0
JAYBARMARU,20.0,5.0
JAYKAY,20.0,5.0
JAYNECOIND,20.0,5.0
JAYSREETEA,20.0,5.0
JBMA,20.0,5.0
JGCHEM,20.0,5.0
JINDALPOLY,20.0,5.0
JINDALSAW,20.0,5.0
JINDALSTEL,20.0,5.0
JINDRILL,20.0,5.0
JINDWORLD,20.0,5.0
JIOFIN,20.0,5.0
JISLJALEQS,20.0,5.0
JITFINFRA,20.0,5.0
JKCEMENT,20.0,5.0
JKIL,20.0,5.0
JKLAKSHMI,20.0,5.0
JKPAPER,20.0,5.0
JKTYRE,20.0,5.0
JLHL,20.0,5.0
JMFINANCIL,20.0,5.0
JNKINDIA,20.0,5.0
JNPR,20.0,5.0
JPOLYINVST,20.0,5.0
JPPOWER,20.0,5.0
JSFB,20.0,5.0
JSL,20.0,5.0
JSLL,20.0,5.0
JSWCEMENT,20.0,5.0
JSWDULUX,20.0,5.0
JSWENERGY,20.0,5.0
JSWHL,20.0,5.0
JSWINFRA,20.0,5.0
JSWSTEEL,20.0,5.0
JTEKTINDIA,20.0,5.0
JTLIND,20.0,5.0
JUBLCPL,20.0,5.0
JUBLFOOD,20.0,5.0
JUBLINGREA,20.0,5.0
JUBLPHARMA,20.0,5.0
JUNIORBEES,20.0,5.0
JUNIPER,20.0,5.0
JUSTDIAL,20.0,5.0
JWL,20.0,5.0
JYOTHYLAB,20.0,5.0
JYOTICNC,20.0,5.0
JYOTIRES,20.0,5.0
JYOTISTRUC,20.0,5.0
KABRAEXTRU,20.0,5.0
KAJARIACER,20.0,5.0
KALAMANDIR,20.0,5.0
KALPATARU,20.0,5.0
KALYANKJIL,20.0,5.0
KAMATHOTEL,20.0,5.0
KANPRPLA,20.0,5.0
KANSAINER,20.0,5.0
KAPSTON,20.0,5.0
KARURVYSYA,20.0,5.0
KAYNES,20.0,5.0
KCP,20.0,5.0
KDDL,20.0,5.0
KEC,20.0,5.0
KECL,20.0,5.0
KEI,20.0,5.0
KELLTONTEC,20.0,5.0
KENNAMET,20.0,5.0
KERNEX,20.0,5.0
KFINTECH,20.0,5.0
KHAICHEM,20.0,5.0
KICL,20.0,5.0
KIMS,20.0,5.0
KINGFA,20.0,5.0
KIOCL,20.0,5.0
KIRIINDUS,20.0,5.0
KIRLFER,20.0,5.0
KIRLOSBROS,20.0,5.0
KIRLOSENG,20.0,5.0
KIRLOSIND,20.0,5.0
KIRLPNU,20.0,5.0
KISSHT,20.0,5.0
KITEX,20.0,5.0
KKCL,20.0,5.0
KLBRENG-B,20.0,5.0
KMCSHIL,20.0,5.0
KMEW,20.0,5.0
KMSUGAR,20.0,5.0
KNACK,20.0,5.0
KNRCON,20.0,5.0
KOHINOOR,20.0,5.0
KOLTEPATIL,20.0,5.0
KOTAKBANK,20.0,5.0
KOTHARIPET,20.0,5.0
KOVAI,20.0,5.0
KPEL,20.0,5.0
KPIGREEN,20.0,5.0
KPIL,20.0,5.0
KPITTECH,20.0,5.0
KPL,20.0,5.0
KPRMILL,20.0,5.0
KRBL,20.0,5.0
KRISHANA,20.0,5.0
KRISHIVAL,20.0,5.0
KRISHNADEF,20.0,5.0
KRN,20.0,5.0
KROSS,20.0,5.0
KRSNAA,20.0,5.0
KRYSTAL,20.0,5.0
KSB,20.0,5.0
KSCL,20.0,5.0
KSHINTL,20.0,5.0
KSL,20.0,5.0
KTKBANK,20.0,5.0
KUANTUM,20.0,5.0
KUSUMGAR,20.0,5.0
KWIL,20.0,5.0
LALITHAA,20.0,5.0
LALPATHLAB,20.0,5.0
LAMBODHARA,20.0,5.0
LANCORHOL,20.0,5.0
LANDMARK,20.0,5.0
LAOPALA,20.0,5.0
LASERPOWER,20.0,5.0
LATENTVIEW,20.0,5.0
LAURUSLABS,20.0,5.0
LAXMIDENTL,20.0,5.0
LAXMIINDIA,20.0,5.0
LCL,20.0,5.0
LEAPIND,20.0,5.0
LEMONTREE,20.0,5.0
LENSKART,20.0,5.0
LGBBROSLTD,20.0,5.0
LGEINDIA,20.0,5.0
LICHSGFIN,20.0,5.0
LICI,20.0,5.0
LICMFGOLD,20.0,5.0
LIKHITHA,20.0,5.0
LINCOLN,20.0,5.0
LINDEINDIA,20.0,5.0
LIQGRWBEES,20.0,5.0
LIQUID,20.0,5.0
LIQUID1,20.0,5.0
LIQUIDADD,20.0,5.0
LIQUIDBEES,20.0,5.0
LIQUIDBETF,20.0,5.0
LIQUIDCASE,20.0,5.0
LIQUIDETF,20.0,5.0
LIQUIDIETF,20.0,5.0
LIQUIDPLUS,20.0,5.0
LLOYDSENGG,20.0,5.0
LLOYDSENT,20.0,5.0
LLOYDSME,20.0,5.0
LMW,20.0,5.0
LODHA,20.0,5.0
LOWVOL1,20.0,5.0
LOWVOLIETF,20.0,5.0
LT,20.0,5.0
LTF,20.0,5.0
LTFOODS,20.0,5.0
LTGILTBEES,20.0,5.0
LTGILTCASE,20.0,5.0
LTM,20.0,5.0
LTTS,20.0,5.0
LUMAXIND,20.0,5.0
LUMAXTECH,20.0,5.0
LUMINO,20.0,5.0
LUPIN,20.0,5.0
LUXIND,20.0,5.0
LXCHEM,20.0,5.0
M&M,20.0,5.0
M&MFIN,20.0,5.0
MACPOWER,20.0,5.0
MAGADSUGAR,20.0,5.0
MAHABANK,20.0,5.0
MAHLIFE,20.0,5.0
MAHLOG,20.0,5.0
MAHSCOOTER,20.0,5.0
MAHSEAMLES,20.0,5.0
MAITHANALL,20.0,5.0
MAKEINDIA,20.0,5.0
MAMATA,20.0,5.0
MANAKCOAT,20.0,5.0
MANALIPETC,20.0,5.0
MANAPPURAM,20.0,5.0
MANBA,20.0,5.0
MANBRO,20.0,5.0
MANCREDIT,20.0,5.0
MANGLMCEM,20.0,5.0
MANINDS,20.0,5.0
MANINFRA,20.0,5.0
MANIPALHOS,20.0,5.0
MANKIND,20.0,5.0
MANOMAY,20.0,5.0
MANORAMA,20.0,5.0
MANYAVAR,20.0,5.0
MAPMYINDIA,20.0,5.0
MARATHON,20.0,5.0
MARICO,20.0,5.0
MARINE,20.0,5.0
MARKOLINES,20.0,5.0
MARKSANS,20.0,5.0
MARSONS,20.0,5.0
MARUTI,20.0,5.0
MASFIN,20.0,5.0
MASTEK,20.0,5.0
MASTERTR,20.0,5.0
MATRIMONY,20.0,5.0
MAWANASUG,20.0,5.0
MAXESTATES,20.0,5.0
MAXHEALTH,20.0,5.0
MAXIND,20.0,5.0
MAYURUNIQ,20.0,5.0
MAZDOCK,20.0,5.0
MBAPL,20.0,5.0
MBEL,20.0,5.0
MCLOUD,20.0,5.0
MCX,20.0,5.0
MEDANTA,20.0,5.0
MEDIASSIST,20.0,5.0
MEDICO,20.0,5.0
MEDPLUS,20.0,5.0
MEESHO,20.0,5.0
MEIL,20.0,5.0
METAL,20.0,5.0
METALIETF,20.0,5.0
METROBRAND,20.0,5.0
METROPOLIS,20.0,5.0
MFSL,20.0,5.0
MGL,20.0,5.0
MHRIL,20.0,5.0
MID150BEES,20.0,5.0
MID150CASE,20.0,5.0
MIDCAPETF,20.0,5.0
MIDCAPIETF,20.0,5.0
MIDHANI,20.0,5.0
MIDSMALL,20.0,5.0
MIDWESTLTD,20.0,5.0
MIIL,20.0,5.0
MILKYMIST,20.0,5.0
MINDACORP,20.0,5.0
MMFL,20.0,5.0
MMP,20.0,5.0
MMTC,20.0,5.0
MOBIKWIK,20.0,5.0
MOCAPITAL,20.0,5.0
MODEFENCE,20.0,5.0
MODIS,20.0,5.0
MOGOLD,20.0,5.0
MOIL,20.0,5.0
MOL,20.0,5.0
MOLBIO,20.0,5.0
MOLDTKPAC,20.0,5.0
MOM100,20.0,5.0
MOM30IETF,20.0,5.0
MOMENTUM50,20.0,5.0
MONARCH,20.0,5.0
MONIFTY500,20.0,5.0
MONTECARLO,20.0,5.0
MOREALTY,20.0,5.0
MOREPENLAB,20.0,5.0
MOSCHIP,20.0,5.0
MOSILVER,20.0,5.0
MOSMALL250,20.0,5.0
MOTHERSON,20.0,5.0
MOTILALOFS,20.0,5.0
MOTISONS,20.0,5.0
MPHASIS,20.0,5.0
MPSLTD,20.0,5.0
MRF,20.0,5.0
MRPL,20.0,5.0
MSPL,20.0,5.0
MSTCLTD,20.0,5.0
MSUMI,20.0,5.0
MTNL,20.0,5.0
MUFIN,20.0,5.0
MUFTI,20.0,5.0
MUKANDLTD,20.0,5.0
MUKKA,20.0,5.0
MUNJALAU,20.0,5.0
MUNJALSHOW,20.0,5.0
MUTHOOTFIN,20.0,5.0
MUTHOOTMF,20.0,5.0
MVELECTRO,20.0,5.0
MVGJL,20.0,5.0
MWL,20.0,5.0
NACLIND,20.0,5.0
NAHARINDUS,20.0,5.0
NAHARSPING,20.0,5.0
NAM-INDIA,20.0,5.0
NARMADA,20.0,5.0
NATCOPHARM,20.0,5.0
NATIONALUM,20.0,5.0
NATIONSTD,20.0,5.0
NAUKRI,20.0,5.0
NAVA,20.0,5.0
NAVINFLUOR,20.0,5.0
NAVKARCORP,20.0,5.0
NAVNETEDUL,20.0,5.0
NAZARA,20.0,5.0
NBCC,20.0,5.0
NCC,20.0,5.0
NCLIND,20.0,5.0
NDRAUTO,20.0,5.0
NELCAST,20.0,5.0
NELCO,20.0,5.0
NEOGEN,20.0,5.0
NEPHROPLUS,20.0,5.0
NESCO,20.0,5.0
NESTLEIND,20.0,5.0
NETWEB,20.0,5.0
NETWORK18,20.0,5.0
NEULANDLAB,20.0,5.0
NEWGEN,20.0,5.0
NEXT50,20.0,5.0
NEXT50BETA,20.0,5.0
NEXT50IETF,20.0,5.0
NFL,20.0,5.0
NGLFINE,20.0,5.0
NH,20.0,5.0
NHPC,20.0,5.0
NIACL,20.0,5.0
NIBE,20.0,5.0
NIF100BEES,20.0,5.0
NIFTY1,20.0,5.0
NIFTYAXIS,20.0,5.0
NIFTYBEES,20.0,5.0
NIFTYBETA,20.0,5.0
NIFTYCASE,20.0,5.0
NIFTYETF,20.0,5.0
NIFTYIETF,20.0,5.0
NIITLTD,20.0,5.0
NIITMTS,20.0,5.0
NILASPACES,20.0,5.0
NILKAMAL,20.0,5.0
NIRLON,20.0,5.0
NITCO,20.0,5.0
NITINSPIN,20.0,5.0
NIVABUPA,20.0,5.0
NLCINDIA,20.0,5.0
NMDC,20.0,5.0
NOCIL,20.0,5.0
NORTHARC,20.0,5.0
NOVARTIND,20.0,5.0
NPST,20.0,5.0
NRBBEARING,20.0,5.0
NSDL,20.0,5.0
NSLNISP,20.0,5.0
NTPC,20.0,5.0
NTPCGREEN,20.0,5.0
NUCLEUS,20.0,5.0
NUVAMA,20.0,5.0
NUVOCO,20.0,5.0
NYKAA,20.0,5.0
OAL,20.0,5.0
OBEROIRLTY,20.0,5.0
OFSS,20.0,5.0
OIL,20.0,5.0
OILIETF,20.0,5.0
OLAELEC,20.0,5.0
OLECTRA,20.0,5.0
OMAXAUTO,20.0,5.0
OMAXE,20.0,5.0
OMNI,20.0,5.0
OMPOWER,20.0,5.0
ONEPOINT,20.0,5.0
ONESOURCE,20.0,5.0
ONGC,20.0,5.0
ONIDA,20.0,5.0
ONIXSOLAR,100.0,1.0
ONWARDTEC,20.0,5.0
OPTIEMUS,20.0,5.0
ORCHPHARMA,20.0,5.0
ORIENTBELL,20.0,5.0
ORIENTCEM,20.0,5.0
ORIENTELEC,20.0,5.0
ORIENTHOT,20.0,5.0
ORIENTTECH,20.0,5.0
ORIRAIL,20.0,5.0
ORISSAMINE,20.0,5.0
ORKLAINDIA,20.0,5.0
OSWALPUMPS,20.0,5.0
PACEDIGITK,20.0,5.0
PAGEIND,20.0,5.0
PAISALO,20.0,5.0
PAKKA,20.0,5.0
PANACEABIO,20.0,5.0
PANAMAPET,20.0,5.0
PANORAMA,20.0,5.0
PARACABLES,20.0,5.0
PARADEEP,20.0,5.0
PARAGMILK,20.0,5.0
PARAS,20.0,5.0
PARKHOSPS,20.0,5.0
PARKHOTELS,20.0,5.0
PATANJALI,20.0,5.0
PATELENG,20.0,5.0
PATELRMART,20.0,5.0
PAUSHAKLTD,20.0,5.0
PAYTM,20.0,5.0
PCBL,20.0,5.0
PCJEWELLER,20.0,5.0
PDMJEPAPER,20.0,5.0
PDSL,20.0,5.0
PENIND,20.0,5.0
PERSISTENT,20.0,5.0
PETRONET,20.0,5.0
PFC,20.0,5.0
PFIZER,20.0,5.0
PFOCUS,20.0,5.0
PFS,20.0,5.0
PGEL,20.0,5.0
PGHH,20.0,5.0
PGHL,20.0,5.0
PGIL,20.0,5.0
PHARMABEES,20.0,5.0
PHOENIXLTD,20.0,5.0
PICCADIL,20.0,5.0
PIDILITIND,20.0,5.0
PIIND,20.0,5.0
PINELABS,20.0,5.0
PIRAMALFIN,20.0,5.0
PITTIENG,20.0,5.0
PIXTRANS,20.0,5.0
PLASTIBLEN,20.0,5.0
PLATIND,20.0,5.0
PNB,20.0,5.0
PNBGILTS,20.0,5.0
PNBHOUSING,20.0,5.0
PNCINFRA,20.0,5.0
PNGJL,20.0,5.0
PNGSREVA,20.0,5.0
POCL,20.0,5.0
POKARNA,20.0,5.0
POLICYBZR,20.0,5.0
POLYCAB,20.0,5.0
POLYMED,20.0,5.0
POLYPLEX,20.0,5.0
PONNIERODE,20.0,5.0
POONAWALLA,20.0,5.0
POWERGRID,20.0,5.0
POWERICA,20.0,5.0
POWERINDIA,20.0,5.0
POWERMECH,20.0,5.0
PPLPHARMA,20.0,5.0
PRABHA,20.0,5.0
PRAJIND,20.0,5.0
PRAKASH,20.0,5.0
PRAVEG,20.0,5.0
PRECAM,20.0,5.0
PRECWIRE,20.0,5.0
PREMEXPLN,20.0,5.0
PREMIERENE,20.0,5.0
PREMIERPOL,20.0,5.0
PRESTIGE,20.0,5.0
PRICOLLTD,20.0,5.0
PRIMESECU,20.0,5.0
PRINCEPIPE,20.0,5.0
PRIVISCL,20.0,5.0
PROSTARM,20.0,5.0
PROTEAN,20.0,5.0
PRSMJOHNSN,20.0,5.0
PRUDENT,20.0,5.0
PSB,20.0,5.0
PSPPROJECT,20.0,5.0
PSUBANK,20.0,5.0
PSUBNKBEES,20.0,5.0
PSUBNKIETF,20.0,5.0
PTC,20.0,5.0
PTCIL,20.0,5.0
PUNJABCHEM,20.0,5.0
PURVA,20.0,5.0
PVRINOX,20.0,5.0
PVTBANIETF,20.0,5.0
PVTBANKADD,20.0,5.0
PWL,20.0,5.0
PYRAMID,20.0,5.0
QGOLDHALF,20.0,5.0
QPOWER,20.0,5.0
QUADFUTURE,20.0,5.0
QUESS,20.0,5.0
RACLGEAR,20.0,5.0
RADHIKAJWE,20.0,5.0
RADICO,20.0,5.0
RAILTEL,20.0,5.0
RAIN,20.0,5.0
RAINBOW,20.0,5.0
RAJRATAN,20.0,5.0
RALLIS,20.0,5.0
RAMBHAJO,20.0,5.0
RAMCOCEM,20.0,5.0
RAMCOIND,20.0,5.0
RAMKY,20.0,5.0
RAMRAT,20.0,5.0
RANASUG,20.0,5.0
RANEHOLDIN,20.0,5.0
RATEGAIN,20.0,5.0
RATNAMANI,20.0,5.0
RATNAVEER,20.0,5.0
RAYMOND,20.0,5.0
RAYMONDLSL,20.0,5.0
RAYMONDREL,20.0,5.0
RBA,20.0,5.0
RBLBANK,20.0,5.0
RBZJEWEL,20.0,5.0
RCF,20.0,5.0
RECLTD,20.0,5.0
REDINGTON,20.0,5.0
REDTAPE,20.0,5.0
REFEX,20.0,5.0
REGAAL,20.0,5.0
RELAXO,20.0,5.0
RELIANCE,20.0,5.0
RELIGARE,20.0,5.0
RELTD,20.0,5.0
RENUKA,20.0,5.0
REPCOHOME,20.0,5.0
REPRO,20.0,5.0
RESPONIND,20.0,5.0
RGL,20.0,5.0
RHETAN,20.0,5.0
RHIM,20.0,5.0
RICOAUTO,20.0,5.0
RIIL,20.0,5.0
RIR,20.0,5.0
RISHABH,20.0,5.0
RITCO,20.0,5.0
RITES,20.0,5.0
RKFORGE,20.0,5.0
RMC,20.0,5.0
RML,20.0,5.0
ROLEXRINGS,20.0,5.0
ROSSARI,20.0,5.0
ROSSELLIND,20.0,5.0
ROSSTECH,20.0,5.0
ROTO,20.0,5.0
ROUTE,20.0,5.0
RPEL,20.0,5.0
RPGLIFE,20.0,5.0
RPOWER,20.0,5.0
RPPINFRA,20.0,5.0
RPSGVENT,20.0,5.0
RPTECH,20.0,5.0
RRKABEL,20.0,5.0
RSL,20.0,5.0
RSYSTEMS,20.0,5.0
RTNINDIA,20.0,5.0
RTNPOWER,20.0,5.0
RUBICON,20.0,5.0
RUPA,20.0,5.0
RUSHIL,20.0,5.0
RUSTOMJEE,20.0,5.0
RVNL,20.0,5.0
SAATVIKGL,20.0,5.0
SAFARI,20.0,5.0
SAGCEM,20.0,5.0
SAGILITY,20.0,5.0
SAHYADRI,20.0,5.0
SAIL,20.0,5.0
SAILIFE,20.0,5.0
SAIPARENT,20.0,5.0
SAKAR,20.0,5.0
SAKSOFT,20.0,5.0
SALASAR,20.0,5.0
SALSTEEL,20.0,5.0
SALZERELEC,20.0,5.0
SAMBHV,20.0,5.0
SAMHI,20.0,5.0
SAMMAANCAP,20.0,5.0
SANATHAN,20.0,5.0
SANDHAR,20.0,5.0
SANDUMA,20.0,5.0
SANGAMIND,20.0,5.0
SANGHVIMOV,20.0,5.0
SANOFI,20.0,5.0
SANOFICONR,20.0,5.0
SANSERA,20.0,5.0
SANSTAR,20.0,5.0
SAPPHIRE,20.0,5.0
SARDAEN,20.0,5.0
SAREGAMA,20.0,5.0
SASKEN,20.0,5.0
SATIN,20.0,5.0
SAURASHCEM,20.0,5.0
SBC,20.0,5.0
SBCL,100.0,1.0
SBFC,20.0,5.0
SBIBPB,20.0,5.0
SBICARD,20.0,5.0
SBIFUNDS,20.0,5.0
SBILIFE,20.0,5.0
SBIN,20.0,5.0
SBISENSEX,20.0,5.0
SBISILVER,20.0,5.0
SCHAEFFLER,20.0,5.0
SCHNEIDER,20.0,5.0
SCI,20.0,5.0
SCODATUBES,20.0,5.0
SDBL,20.0,5.0
SEAMECLTD,20.0,5.0
SEDEMAC,20.0,5.0
SEIL,20.0,5.0
SELECTRIC,20.0,5.0
SENCO,20.0,5.0
SENORES,20.0,5.0
SENSEXBEES,20.0,5.0
SENSEXBETA,20.0,5.0
SENSEXIETF,20.0,5.0
SEPC,20.0,5.0
SERVOTECH,20.0,5.0
SESHAPAPER,20.0,5.0
SETF10GILT,20.0,5.0
SETFGOLD,20.0,5.0
SETFNIF50,20.0,5.0
SETFNIFBK,20.0,5.0
SETFNN50,20.0,5.0
SETL,20.0,5.0
SFL,20.0,5.0
SGFIN,20.0,5.0
SGMART,20.0,5.0
SHADOWFAX,20.0,5.0
SHAILY,20.0,5.0
SHAKTIPUMP,20.0,5.0
SHALBY,20.0,5.0
SHANKARA,20.0,5.0
SHANKESH,20.0,5.0
SHANTIGEAR,20.0,5.0
SHANTIGOLD,20.0,5.0
SHARDACROP,20.0,5.0
SHARDAMOTR,20.0,5.0
SHAREINDIA,20.0,5.0
SHILCTECH,20.0,5.0
SHILPAMED,20.0,5.0
SHINDL,20.0,5.0
SHIPROCKET,20.0,5.0
SHK,20.0,5.0
SHOPERSTOP,20.0,5.0
SHREECEM,20.0,5.0
SHREEJISPG,20.0,5.0
SHREEPUSHK,20.0,5.0
SHRINGARMS,20.0,5.0
SHRIPISTON,20.0,5.0
SHRIRAMFIN,20.0,5.0
SHRIRAMPPS,20.0,5.0
SHUKRAPHAR,20.0,5.0
SHYAMMETL,20.0,5.0
SICAGEN,20.0,5.0
SIEMENS,20.0,5.0
SIGACHI,20.0,5.0
SIGMA,20.0,5.0
SIGNATURE,20.0,5.0
SIGNPOST,20.0,5.0
SIKA,20.0,5.0
SILGO,20.0,5.0
SILVER,20.0,5.0
SILVER1,20.0,5.0
SILVERAG,20.0,5.0
SILVERAXIS,20.0,5.0
SILVERBEES,20.0,5.0
SILVERBETA,20.0,5.0
SILVERCASE,20.0,5.0
SILVERIETF,20.0,5.0
SILVERTUC,20.0,5.0
SIMPLEXINF,20.0,5.0
SINDHUTRAD,20.0,5.0
SINGERIND,20.0,5.0
SIRCA,20.0,5.0
SIS,20.0,5.0
SIYSIL,20.0,5.0
SJS,20.0,5.0
SJVN,20.0,5.0
SKFINDIA,20.0,5.0
SKFINDUS,20.0,5.0
SKIPPER,20.0,5.0
SKMEGGPROD,20.0,5.0
SKYGOLD,20.0,5.0
SKYWAYS,20.0,5.0
SMALLCAP,20.0,5.0
SMARTWORKS,20.0,5.0
SMCGLOBAL,20.0,5.0
SML100CASE,20.0,5.0
SMLMAH,20.0,5.0
SMSPHARMA,20.0,5.0
SNOWMAN,20.0,5.0
SOBHA,20.0,5.0
SOLARA,20.0,5.0
SOLARINDS,20.0,5.0
SOLARWORLD,20.0,5.0
SOLEX,20.0,5.0
SOMANYCERA,20.0,5.0
SONACOMS,20.0,5.0
SONATSOFTW,20.0,5.0
SOTL,20.0,5.0
SOUTHBANK,20.0,5.0
SOUTHWEST,20.0,5.0
SPAL,20.0,5.0
SPANDANA,20.0,5.0
SPARC,20.0,5.0
SPIC,20.0,5.0
SPICEJET,20.0,5.0
SPLPETRO,20.0,5.0
SPMLINFRA,20.0,5.0
SPORTKING,20.0,5.0
SRF,20.0,5.0
SRM,20.0,5.0
SSWL,20.0,5.0
STANLEY,20.0,5.0
STAR,20.0,5.0
STARCEMENT,20.0,5.0
STARHEALTH,20.0,5.0
STEELCAS,20.0,5.0
STEELXIND,20.0,5.0
STLNETWORK,20.0,5.0
STOVEKRAFT,20.0,5.0
STUDDS,20.0,5.0
STYL,20.0,5.0
STYLAMIND,20.0,5.0
STYLEBAAZA,20.0,5.0
STYRENIX,20.0,5.0
SUBEXLTD,20.0,5.0
SUBROS,20.0,5.0
SUDARSCHEM,20.0,5.0
SUDEEPPHRM,20.0,5.0
SULA,20.0,5.0
SUMEETINDS,20.0,5.0
SUMICHEM,20.0,5.0
SUNDARMFIN,20.0,5.0
SUNDRMFAST,20.0,5.0
SUNDROP,20.0,5.0
SUNFLAG,20.0,5.0
SUNPHARMA,20.0,5.0
SUNSHINE,20.0,5.0
SUNTECK,20.0,5.0
SUNTV,20.0,5.0
SUPRAJIT,20.0,5.0
SUPREMEIND,20.0,5.0
SUPREMEINF,20.0,5.0
SUPRIYA,20.0,5.0
SURAJEST,20.0,5.0
SURAKSHA,20.0,5.0
SURYAROSNI,20.0,5.0
SURYODAY,20.0,5.0
SUVEN,20.0,5.0
SUYOG,20.0,5.0
SUZLON,20.0,5.0
SWANCORP,20.0,5.0
SWARAJENG,20.0,5.0
SWELECTES,20.0,5.0
SWIGGY,20.0,5.0
SWSOLAR,20.0,5.0
SYMBIOTEC,20.0,5.0
SYMPHONY,20.0,5.0
SYNCOMF,20.0,5.0
SYNGENE,20.0,5.0
SYRMA,20.0,5.0
TAALTECH,20.0,5.0
TAJGVK,20.0,5.0
TALBROAUTO,20.0,5.0
TANFACIND,20.0,5.0
TANLA,20.0,5.0
TARC,20.0,5.0
TARIL,20.0,5.0
TARSONS,20.0,5.0
TASTYBITE,20.0,5.0
TATACAP,20.0,5.0
TATACHEM,20.0,5.0
TATACOMM,20.0,5.0
TATACONSUM,20.0,5.0
TATAELXSI,20.0,5.0
TATAGOLD,20.0,5.0
TATAINVEST,20.0,5.0
TATAPOWER,20.0,5.0
TATASTEEL,20.0,5.0
TATATECH,20.0,5.0
TATSILV,20.0,5.0
TATVA,20.0,5.0
TBOTEK,20.0,5.0
TBZ,20.0,5.0
TCC,20.0,5.0
TCI,20.0,5.0
TCIEXP,20.0,5.0
TCPLPACK,20.0,5.0
TCS,20.0,5.0
TDPOWERSYS,20.0,5.0
TEAMLEASE,20.0,5.0
TECHM,20.0,5.0
TECHNOCRAF,20.0,5.0
TECHNOE,20.0,5.0
TEGA,20.0,5.0
TEJASNET,20.0,5.0
TEMBO,20.0,5.0
TEMPSENS,20.0,5.0
TENNIND,20.0,5.0
TERASOFT,20.0,5.0
TEXINFRA,20.0,5.0
TEXRAIL,20.0,5.0
TFCILTD,20.0,5.0
TGVSL,20.0,5.0
THANGAMAYL,20.0,5.0
THEJO,20.0,5.0
THELEELA,20.0,5.0
THEMISMED,20.0,5.0
THERMAX,20.0,5.0
THOMASCOOK,20.0,5.0
THOMASCOTT,20.0,5.0
THYROCARE,20.0,5.0
TI,20.0,5.0
TIGERLOGS,20.0,5.0
TIIL,20.0,5.0
TIINDIA,20.0,5.0
TIMETECHNO,20.0,5.0
TIMEX,20.0,5.0
TIMKEN,20.0,5.0
TINNARUBR,20.0,5.0
TIPSMUSIC,20.0,5.0
TIRUMALCHM,20.0,5.0
TITAGARH,20.0,5.0
TITAN,20.0,5.0
TMB,20.0,5.0
TMCV,20.0,5.0
TMPV,20.0,5.0
TNPETRO,20.0,5.0
TNPL,20.0,5.0
TOP100CASE,20.0,5.0
TOP10ADD,20.0,5.0
TORNTPHARM,20.0,5.0
TORNTPOWER,20.0,5.0
TPLPLASTEH,20.0,5.0
TRANSRAILL,20.0,5.0
TRAVELFOOD,20.0,5.0
TRENT,20.0,5.0
TRIDENT,20.0,5.0
TRITURBINE,20.0,5.0
TRIVENI,20.0,5.0
TRUALT,20.0,5.0
TSFINV,20.0,5.0
TTKHLTCARE,20.0,5.0
TTKPRESTIG,20.0,5.0
TTML,20.0,5.0
TURTLEMINT,20.0,5.0
TVSELECT,20.0,5.0
TVSHLTD,20.0,5.0
TVSMOTOR,20.0,5.0
TVSSCS,20.0,5.0
TVSSRICHAK,20.0,5.0
UBL,20.0,5.0
UCOBANK,20.0,5.0
UDS,20.0,5.0
UEL,20.0,5.0
UFLEX,20.0,5.0
UGARSUGAR,20.0,5.0
UGROCAP,20.0,5.0
UJJIVANSFB,20.0,5.0
ULTRACEMCO,20.0,5.0
ULTRAMAR,20.0,5.0
UNICHEMLAB,20.0,5.0
UNIECOM,20.0,5.0
UNIMECH,20.0,5.0
UNIONBANK,20.0,5.0
UNIPARTS,20.0,5.0
UNITDSPR,20.0,5.0
UNIVCABLES,20.0,5.0
UNOMINDA,20.0,5.0
UPL,20.0,5.0
URBANCO,20.0,5.0
USHAMART,20.0,5.0
UTIAMC,20.0,5.0
UTKARSHBNK,20.0,5.0
UTLSOLAR,20.0,5.0
UTTAMSUGAR,20.0,5.0
V2RETAIL,20.0,5.0
VADILALIND,20.0,5.0
VAIBHAVGBL,20.0,5.0
VAML,20.0,5.0
VARROC,20.0,5.0
VASCONEQ,20.0,5.0
VBL,20.0,5.0
VEDL,20.0,5.0
VEDPOWER,20.0,5.0
VEEDOL,20.0,5.0
VENKEYS,20.0,5.0
VENUSPIPES,20.0,5.0
VERANDA,20.0,5.0
VESUVIUS,20.0,5.0
VGUARD,20.0,5.0
VIDHIING,20.0,5.0
VIDYAWIRES,20.0,5.0
VIJAYA,20.0,5.0
VIKRAMSOLR,20.0,5.0
VIKRAN,20.0,5.0
VIMTALABS,20.0,5.0
VINATIORGA,20.0,5.0
VINCOFE,20.0,5.0
VINDHYATEL,20.0,5.0
VIPIND,20.0,5.0
VISACHROME,20.0,5.0
VISAKAIND,20.0,5.0
VISHNU,20.0,5.0
VISL,20.0,5.0
VIYASH,20.0,5.0
VMART,20.0,5.0
VMM,20.0,5.0
VOEPL,20.0,5.0
VOGL,20.0,5.0
VOLTAMP,20.0,5.0
VOLTAS,20.0,5.0
VPRPL,20.0,5.0
VRLLOG,20.0,5.0
VSSL,20.0,5.0
VSTIND,20.0,5.0
VSTTILLERS,20.0,5.0
VTL,20.0,5.0
WAAREEENER,20.0,5.0
WAAREEINDO,20.0,5.0
WAAREERTL,20.0,5.0
WABAG,20.0,5.0
WAKEFIT,20.0,5.0
WALCHANNAG,20.0,5.0
WANBURY,20.0,5.0
WEBELSOLAR,20.0,5.0
WELCORP,20.0,5.0
WELENT,20.0,5.0
WELSPLSOL,20.0,5.0
WELSPUNLIV,20.0,5.0
WENDT,20.0,5.0
WESTLIFE,20.0,5.0
WEWORK,20.0,5.0
WHEELS,20.0,5.0
WHIRLPOOL,20.0,5.0
WINDLAS,20.0,5.0
WINDMACHIN,20.0,5.0
WIPRO,20.0,5.0
WOCKPHARMA,20.0,5.0
WONDERLA,20.0,5.0
WPIL,20.0,5.0
WSTCSTPAPR,20.0,5.0
XPROINDIA,20.0,5.0
XTRANET,20.0,5.0
YASHO,20.0,5.0
YATHARTH,20.0,5.0
YATRA,20.0,5.0
YESBANK,20.0,5.0
YUKEN,20.0,5.0
ZAGGLE,20.0,5.0
ZEEL,20.0,5.0
ZEEMEDIA,20.0,5.0
ZENSARTECH,20.0,5.0
ZENTEC,20.0,5.0
ZFCVINDIA,20.0,5.0
ZOTA,20.0,5.0
ZUARI,20.0,5.0
ZUARIIND,20.0,5.0
ZYDUSLIFE,20.0,5.0
ZYDUSWELL,20.0,5.0
